Date,Bittensor,Near Protocol,Internet Computer,Render,Filecoin
2023-03-05 00:00:00+00:00,0.12608300149440765,2.0322859287261963,5.347765922546387,1.197646975517273,6.141830921173096
2023-03-06 00:00:00+00:00,87.78095245361328,2.055216073989868,5.325384140014648,1.2116179466247559,6.100693225860596
2023-03-07 00:00:00+00:00,85.22114562988281,2.0004770755767822,5.334280014038086,1.179502010345459,5.970064163208008
2023-03-08 00:00:00+00:00,79.79052734375,1.8394900560379028,5.057308197021484,1.0716010332107544,5.7767839431762695
2023-03-09 00:00:00+00:00,75.6289291381836,1.7885550260543823,4.768817901611328,1.0382850170135498,5.493531227111816
2023-03-10 00:00:00+00:00,76.96381378173828,1.8016459941864014,4.929419994354248,1.0589699745178223,5.3148651123046875
2023-03-11 00:00:00+00:00,76.08383178710938,1.8092520236968994,4.749190807342529,0.9852889776229858,4.991639137268066
2023-03-12 00:00:00+00:00,73.4541244506836,1.9490020275115967,5.250957012176514,1.2492949962615967,5.73008918762207
2023-03-13 00:00:00+00:00,79.59539031982422,2.0422990322113037,5.368876934051514,1.284595012664795,6.398665904998779
2023-03-14 00:00:00+00:00,83.40251159667969,2.1214759349823,5.540010929107666,1.3872740268707275,6.7644171714782715
2023-03-15 00:00:00+00:00,80.202880859375,1.9264830350875854,5.18177604675293,1.253985047340393,5.618990898132324
2023-03-16 00:00:00+00:00,79.1722183227539,1.969264030456543,5.184852123260498,1.3479640483856201,5.828929901123047
2023-03-17 00:00:00+00:00,74.81820678710938,2.164695978164673,5.649487018585205,1.5253889560699463,6.396756172180176
2023-03-18 00:00:00+00:00,75.99421691894531,2.080993890762329,5.331130027770996,1.458556056022644,5.878632068634033
2023-03-19 00:00:00+00:00,75.27085876464844,2.139902114868164,5.4287872314453125,1.4775160551071167,6.288142204284668
2023-03-20 00:00:00+00:00,84.09535217285156,1.9954890012741089,5.114806175231934,1.342995047569275,5.7189741134643555
2023-03-21 00:00:00+00:00,80.21420288085938,2.07511305809021,5.278292179107666,1.3452860116958618,5.947406768798828
2023-03-22 00:00:00+00:00,78.9530029296875,1.951643943786621,5.095163822174072,1.3789030313491821,5.661059856414795
2023-03-23 00:00:00+00:00,72.0453872680664,2.047606945037842,5.207426071166992,1.3327360153198242,5.934812068939209
2023-03-24 00:00:00+00:00,73.70584869384766,1.9658019542694092,4.953949928283691,1.2159980535507202,5.557178020477295
2023-03-25 00:00:00+00:00,71.3975601196289,1.9250530004501343,4.896560192108154,1.153319001197815,5.380660057067871
2023-03-26 00:00:00+00:00,70.0046615600586,1.9607559442520142,4.995433807373047,1.2323240041732788,5.69449520111084
2023-03-27 00:00:00+00:00,69.2655029296875,1.8464970588684082,4.765510082244873,1.150954008102417,5.354502201080322
2023-03-28 00:00:00+00:00,66.39286041259766,1.885977029800415,4.837411880493164,1.1802090406417847,5.565254211425781
2023-03-29 00:00:00+00:00,65.07600402832031,2.000602960586548,5.149065971374512,1.2937049865722656,5.743597984313965
2023-03-30 00:00:00+00:00,66.17485046386719,1.926224946975708,5.016857147216797,1.2607769966125488,5.556140899658203
2023-03-31 00:00:00+00:00,62.90148162841797,1.9921499490737915,5.196225166320801,1.3739360570907593,5.688201904296875
2023-04-01 00:00:00+00:00,57.9219970703125,1.9804229736328125,5.208621025085449,1.307257056236267,5.729331970214844
2023-04-02 00:00:00+00:00,59.82282257080078,1.920488953590393,5.073861122131348,1.2764919996261597,5.55596923828125
2023-04-03 00:00:00+00:00,59.85470199584961,1.9491499662399292,4.929650783538818,1.2922860383987427,5.575139999389648
2023-04-04 00:00:00+00:00,59.764915466308594,1.9952789545059204,4.99321985244751,1.330649971961975,5.617970943450928
2023-04-05 00:00:00+00:00,58.56660461425781,2.0267159938812256,5.017643928527832,1.3422960042953491,5.67209005355835
2023-04-06 00:00:00+00:00,60.57634353637695,1.9869999885559082,4.887197971343994,1.3036799430847168,5.6005048751831055
2023-04-07 00:00:00+00:00,57.08636474609375,2.0185720920562744,4.993003845214844,1.3029550313949585,5.793610095977783
2023-04-08 00:00:00+00:00,60.37896728515625,1.9713280200958252,4.915082931518555,1.2714070081710815,5.774810791015625
2023-04-09 00:00:00+00:00,55.903602600097656,2.00990891456604,5.022748947143555,1.3077199459075928,5.750400066375732
2023-04-10 00:00:00+00:00,58.73202133178711,2.064466953277588,5.187193870544434,1.4724509716033936,6.176751136779785
2023-04-11 00:00:00+00:00,61.2408561706543,2.054642915725708,5.3362531661987305,1.5796489715576172,6.115200042724609
2023-04-12 00:00:00+00:00,61.350196838378906,2.1826229095458984,5.317842960357666,1.5726820230484009,5.957015037536621
2023-04-13 00:00:00+00:00,62.97071075439453,2.2057230472564697,5.475354194641113,1.604444980621338,6.082828044891357
2023-04-14 00:00:00+00:00,62.00047302246094,2.224052906036377,5.508743762969971,1.736840009689331,6.2298688888549805
2023-04-15 00:00:00+00:00,59.550899505615234,2.318842887878418,5.892139911651611,1.6735049486160278,6.311830043792725
2023-04-16 00:00:00+00:00,57.288639068603516,2.3261280059814453,6.07863187789917,1.7741719484329224,6.34276819229126
2023-04-17 00:00:00+00:00,57.44808578491211,2.287198066711426,6.2468180656433105,1.974755048751831,6.118175029754639
2023-04-18 00:00:00+00:00,55.8162841796875,2.3463950157165527,6.810704231262207,2.027820110321045,6.263586044311523
2023-04-19 00:00:00+00:00,55.5540885925293,2.1515231132507324,6.119871139526367,1.9266879558563232,5.7050299644470215
2023-04-20 00:00:00+00:00,53.6663932800293,2.047060966491699,5.879062175750732,1.8995330333709717,5.561659812927246
2023-04-21 00:00:00+00:00,53.44196701049805,1.9266170263290405,5.5366530418396,1.636983036994934,5.261168003082275
2023-04-22 00:00:00+00:00,51.09095764160156,1.9470939636230469,5.615320205688477,1.8141440153121948,5.32620096206665
2023-04-23 00:00:00+00:00,47.90712356567383,1.9139859676361084,5.423529148101807,1.7048380374908447,5.272049903869629
2023-04-24 00:00:00+00:00,48.437782287597656,1.8867559432983398,5.377598762512207,1.7754089832305908,5.2544660568237305
2023-04-25 00:00:00+00:00,47.058658599853516,1.9642239809036255,5.486451148986816,2.0220611095428467,5.3503899574279785
2023-04-26 00:00:00+00:00,49.04402160644531,1.8910460472106934,5.310867786407471,2.2941789627075195,5.251022815704346
2023-04-27 00:00:00+00:00,46.987850189208984,1.9239840507507324,5.743410110473633,2.3405110836029053,5.393645763397217
2023-04-28 00:00:00+00:00,48.19647216796875,1.9181129932403564,6.049191951751709,2.372339963912964,5.510738849639893
2023-04-29 00:00:00+00:00,44.58943176269531,1.9385459423065186,6.50356388092041,2.372236967086792,5.578152179718018
2023-04-30 00:00:00+00:00,42.33689880371094,1.9365140199661255,6.432433128356934,2.394505023956299,5.43885612487793
2023-05-01 00:00:00+00:00,41.4132194519043,1.8378130197525024,5.766551971435547,2.207036018371582,5.302195072174072
2023-05-02 00:00:00+00:00,44.34104537963867,1.8368840217590332,5.738173007965088,2.071315050125122,5.2865729331970215
2023-05-03 00:00:00+00:00,47.290565490722656,1.902783989906311,5.92753791809082,2.283315896987915,5.344766139984131
2023-05-04 00:00:00+00:00,43.584598541259766,1.8419129848480225,5.904644966125488,2.2137820720672607,5.264100074768066
2023-05-05 00:00:00+00:00,40.14131164550781,1.8682550191879272,5.947466850280762,2.1873369216918945,5.272160053253174
2023-05-06 00:00:00+00:00,38.907772064208984,1.772405982017517,5.598031044006348,2.0816380977630615,5.061654090881348
2023-05-07 00:00:00+00:00,42.794708251953125,1.739361047744751,5.550878047943115,2.1319570541381836,5.03908109664917
2023-05-08 00:00:00+00:00,40.897274017333984,1.6453410387039185,5.340221881866455,1.8624869585037231,4.541431903839111
2023-05-09 00:00:00+00:00,38.88636016845703,1.6245510578155518,5.287496089935303,1.74434494972229,4.550862789154053
2023-05-10 00:00:00+00:00,39.565120697021484,1.6624629497528076,5.303699970245361,1.8332420587539673,4.606917858123779
2023-05-11 00:00:00+00:00,37.97552490234375,1.5985939502716064,5.012548923492432,1.7128620147705078,4.3593950271606445
2023-05-12 00:00:00+00:00,35.279659271240234,1.6500229835510254,5.227814197540283,1.8111740350723267,4.433818817138672
2023-05-13 00:00:00+00:00,35.266475677490234,1.6605370044708252,5.148834228515625,1.8357340097427368,4.385085105895996
2023-05-14 00:00:00+00:00,35.09756851196289,1.6575119495391846,5.19055700302124,1.827420949935913,4.452134132385254
2023-05-15 00:00:00+00:00,34.08818817138672,1.657973051071167,5.249948024749756,1.8030450344085693,4.461219787597656
2023-05-16 00:00:00+00:00,43.988609313964844,1.6574900150299072,5.2316789627075195,1.9298039674758911,4.423760890960693
2023-05-17 00:00:00+00:00,49.727935791015625,1.7010010480880737,5.375376224517822,2.2940099239349365,4.551493167877197
2023-05-18 00:00:00+00:00,47.91667556762695,1.6568360328674316,5.275160789489746,2.398566961288452,4.460461139678955
2023-05-19 00:00:00+00:00,50.05116653442383,1.6653170585632324,5.313124179840088,2.318871021270752,4.495100021362305
2023-05-20 00:00:00+00:00,53.99098587036133,1.6628559827804565,5.227340221405029,2.3495590686798096,4.511178016662598
2023-05-21 00:00:00+00:00,47.88447570800781,1.6111400127410889,5.05457878112793,2.466883897781372,4.377230167388916
2023-05-22 00:00:00+00:00,48.55054473876953,1.6118390560150146,5.078907012939453,2.4472270011901855,4.413597106933594
2023-05-23 00:00:00+00:00,49.61117172241211,1.6442960500717163,5.040981769561768,2.719489097595215,4.5196380615234375
2023-05-24 00:00:00+00:00,44.18879699707031,1.5735969543457031,4.826261043548584,2.6394848823547363,4.46658992767334
2023-05-25 00:00:00+00:00,46.24640655517578,1.563001036643982,4.8208489418029785,2.703918933868408,4.416922092437744
2023-05-26 00:00:00+00:00,58.66145324707031,1.5797369480133057,4.831204891204834,2.728394031524658,4.44149923324585
2023-05-27 00:00:00+00:00,64.31755065917969,1.635787010192871,4.914856910705566,2.6419060230255127,4.484908103942871
2023-05-28 00:00:00+00:00,62.992618560791016,1.6681950092315674,5.006111145019531,2.7471039295196533,4.6634907722473145
2023-05-29 00:00:00+00:00,66.95975494384766,1.6295959949493408,4.8777689933776855,2.546376943588257,4.638344764709473
2023-05-30 00:00:00+00:00,62.29023361206055,1.6104990243911743,4.835875034332275,2.572489023208618,4.834123134613037
2023-05-31 00:00:00+00:00,58.918983459472656,1.5660029649734497,4.68143892288208,2.527292013168335,4.690744876861572
2023-06-01 00:00:00+00:00,54.542362213134766,1.5466790199279785,4.668962001800537,2.493769884109497,4.69251823425293
2023-06-02 00:00:00+00:00,64.78424835205078,1.6144050359725952,4.81220006942749,2.5705349445343018,4.972111225128174
2023-06-03 00:00:00+00:00,62.12861633300781,1.6170040369033813,4.798830032348633,2.607050895690918,4.853320121765137
2023-06-04 00:00:00+00:00,57.67353820800781,1.6178079843521118,4.79341983795166,2.658813953399658,4.6562299728393555
2023-06-05 00:00:00+00:00,51.250675201416016,1.5018119812011719,4.346604824066162,2.2891550064086914,4.22450590133667
2023-06-06 00:00:00+00:00,54.515655517578125,1.5330610275268555,4.426514148712158,2.4158260822296143,4.396378040313721
2023-06-07 00:00:00+00:00,49.67198944091797,1.4138950109481812,4.192823886871338,2.2210030555725098,4.134322166442871
2023-06-08 00:00:00+00:00,50.94038772583008,1.4142930507659912,4.1772541999816895,2.2742600440979004,4.094632148742676
2023-06-09 00:00:00+00:00,50.9870491027832,1.3872109651565552,4.266223907470703,2.2918999195098877,4.031723976135254
2023-06-10 00:00:00+00:00,45.93760681152344,1.203497052192688,3.6995770931243896,1.9016749858856201,3.4891879558563232
2023-06-11 00:00:00+00:00,50.24458312988281,1.2085059881210327,3.6568729877471924,1.9566110372543335,3.4276649951934814
2023-06-12 00:00:00+00:00,52.92188262939453,1.1989339590072632,3.72442889213562,1.937654972076416,3.529952049255371
2023-06-13 00:00:00+00:00,55.957923889160156,1.198984980583191,3.9624390602111816,1.9267480373382568,3.6537599563598633
2023-06-14 00:00:00+00:00,56.84450149536133,1.1739089488983154,3.790769100189209,1.815284013748169,3.5659430027008057
2023-06-15 00:00:00+00:00,49.38950729370117,1.1951260566711426,3.958786964416504,1.8749489784240723,3.6565489768981934
2023-06-16 00:00:00+00:00,53.87659454345703,1.2129030227661133,3.993664026260376,1.9212980270385742,3.6888539791107178
2023-06-17 00:00:00+00:00,54.391632080078125,1.25803804397583,3.9825599193573,2.0884881019592285,3.705699920654297
2023-06-18 00:00:00+00:00,49.864261627197266,1.2384300231933594,3.957106113433838,1.9735349416732788,3.6776139736175537
2023-06-19 00:00:00+00:00,52.60710525512695,1.2389689683914185,3.947849988937378,2.056631088256836,3.68218994140625
2023-06-20 00:00:00+00:00,53.9134521484375,1.2984939813613892,4.17963981628418,2.0801360607147217,3.7850029468536377
2023-06-21 00:00:00+00:00,58.96847915649414,1.3395359516143799,4.204214096069336,2.2860920429229736,3.9328720569610596
2023-06-22 00:00:00+00:00,51.87344741821289,1.3257770538330078,4.140552997589111,2.1518421173095703,3.9239308834075928
2023-06-23 00:00:00+00:00,52.8079948425293,1.3811700344085693,4.330712795257568,2.169045925140381,4.040273189544678
2023-06-24 00:00:00+00:00,50.883819580078125,1.413666009902954,4.265713214874268,2.047126054763794,3.929054021835327
2023-06-25 00:00:00+00:00,50.284908294677734,1.4007420539855957,4.329483985900879,2.0664799213409424,4.126609802246094
2023-06-26 00:00:00+00:00,47.1944465637207,1.4852370023727417,4.252045154571533,2.039846897125244,3.9594039916992188
2023-06-27 00:00:00+00:00,48.90436553955078,1.4770619869232178,4.331934928894043,2.061997890472412,4.024889945983887
2023-06-28 00:00:00+00:00,49.566436767578125,1.363839030265808,4.0472331047058105,1.9194879531860352,3.767940044403076
2023-06-29 00:00:00+00:00,50.428550720214844,1.3504339456558228,4.0459370613098145,1.9817570447921753,3.8338539600372314
2023-06-30 00:00:00+00:00,50.68519973754883,1.3837649822235107,4.095085144042969,2.0362141132354736,3.9503700733184814
2023-07-01 00:00:00+00:00,47.8996696472168,1.4811700582504272,4.216437816619873,2.058372974395752,4.099691867828369
2023-07-02 00:00:00+00:00,46.75111389160156,1.4681299924850464,4.197686195373535,2.0254058837890625,4.108939170837402
2023-07-03 00:00:00+00:00,46.14827346801758,1.4551440477371216,4.468286037445068,2.1555469036102295,4.7362189292907715
2023-07-04 00:00:00+00:00,46.067138671875,1.3981859683990479,4.350080966949463,2.077418088912964,4.5468010902404785
2023-07-05 00:00:00+00:00,47.59953689575195,1.353384017944336,4.245779991149902,1.9651110172271729,4.603277206420898
2023-07-06 00:00:00+00:00,48.35613250732422,1.3127830028533936,4.062314033508301,1.9183180332183838,4.329304218292236
2023-07-07 00:00:00+00:00,49.22712326049805,1.3314770460128784,4.103853225708008,1.948428988456726,4.402100086212158
2023-07-08 00:00:00+00:00,53.022071838378906,1.3841209411621094,4.052536964416504,1.9452910423278809,4.343326091766357
2023-07-09 00:00:00+00:00,50.24716567993164,1.3266539573669434,4.032832145690918,1.924443006515503,4.336453914642334
2023-07-10 00:00:00+00:00,55.83263397216797,1.3306050300598145,4.078650951385498,1.9094380140304565,4.317637920379639
2023-07-11 00:00:00+00:00,60.9879035949707,1.329224944114685,4.116608142852783,1.9938089847564697,4.292287826538086
2023-07-12 00:00:00+00:00,68.41232299804688,1.3301910161972046,4.12608003616333,1.9368280172348022,4.235037803649902
2023-07-13 00:00:00+00:00,71.8694839477539,1.4674890041351318,4.383271217346191,2.1394529342651367,4.6935038566589355
2023-07-14 00:00:00+00:00,67.71190643310547,1.5039360523223877,4.253267765045166,2.032538890838623,4.43518590927124
2023-07-15 00:00:00+00:00,68.00834655761719,1.4896080493927002,4.205572128295898,2.0250589847564697,4.433478832244873
2023-07-16 00:00:00+00:00,63.94277572631836,1.4438380002975464,4.086441993713379,1.947087049484253,4.353238105773926
2023-07-17 00:00:00+00:00,66.37167358398438,1.500270962715149,4.100738048553467,1.9668760299682617,4.350254058837891
2023-07-18 00:00:00+00:00,69.61894226074219,1.4692569971084595,4.072984218597412,1.8785990476608276,4.275475025177002
2023-07-19 00:00:00+00:00,75.71248626708984,1.468027949333191,4.06426477432251,1.8731980323791504,4.261185169219971
2023-07-20 00:00:00+00:00,70.58798217773438,1.526136040687561,4.044095993041992,1.867885947227478,4.435337066650391
2023-07-21 00:00:00+00:00,80.72903442382812,1.480715036392212,4.064847946166992,1.8851070404052734,4.472188949584961
2023-07-22 00:00:00+00:00,84.36302947998047,1.4418179988861084,4.124111175537109,1.829414963722229,4.447017192840576
2023-07-23 00:00:00+00:00,83.80365753173828,1.4564180374145508,4.212907791137695,1.856289029121399,4.5651960372924805
2023-07-24 00:00:00+00:00,87.0667953491211,1.3804110288619995,4.012115955352783,1.7485079765319824,4.51731014251709
2023-07-25 00:00:00+00:00,86.18035125732422,1.347694993019104,4.018693923950195,1.7718559503555298,4.402018070220947
2023-07-26 00:00:00+00:00,85.90345764160156,1.3659470081329346,4.086227893829346,1.7622790336608887,4.329726219177246
2023-07-27 00:00:00+00:00,82.55677032470703,1.377769947052002,4.22100305557251,1.76664400100708,4.424013137817383
2023-07-28 00:00:00+00:00,80.89923095703125,1.3921910524368286,4.314148902893066,1.8080379962921143,4.4003071784973145
2023-07-29 00:00:00+00:00,80.15570831298828,1.4064079523086548,4.334208965301514,1.8077980279922485,4.419478893280029
2023-07-30 00:00:00+00:00,74.60702514648438,1.3953440189361572,4.27125883102417,1.786167025566101,4.314192771911621
2023-07-31 00:00:00+00:00,68.27294158935547,1.369608998298645,4.210484981536865,1.7502050399780273,4.257393836975098
2023-08-01 00:00:00+00:00,73.50096130371094,1.413375973701477,4.244500160217285,1.7899210453033447,4.278834819793701
2023-08-02 00:00:00+00:00,67.6958236694336,1.398589015007019,4.1379499435424805,1.7627500295639038,4.264708042144775
2023-08-03 00:00:00+00:00,67.27437591552734,1.3594679832458496,4.037618160247803,1.7657209634780884,4.106633186340332
2023-08-04 00:00:00+00:00,64.79389190673828,1.3394919633865356,4.030385971069336,1.7299100160598755,4.089356899261475
2023-08-05 00:00:00+00:00,61.58582305908203,1.3520660400390625,4.014873027801514,1.6180369853973389,4.100356101989746
2023-08-06 00:00:00+00:00,64.40715026855469,1.3373199701309204,4.1175150871276855,1.6253509521484375,4.154808044433594
2023-08-07 00:00:00+00:00,64.60965728759766,1.3378020524978638,4.094807147979736,1.5931509733200073,4.101586818695068
2023-08-08 00:00:00+00:00,65.8545150756836,1.359794020652771,4.108040809631348,1.630005955696106,4.145440101623535
2023-08-09 00:00:00+00:00,68.4563980102539,1.3487390279769897,4.080477237701416,1.6645029783248901,4.14939022064209
2023-08-10 00:00:00+00:00,68.21168518066406,1.334934949874878,4.0246148109436035,1.6862269639968872,4.134815216064453
2023-08-11 00:00:00+00:00,65.33158111572266,1.3321640491485596,4.029015064239502,1.6781539916992188,4.10679817199707
2023-08-12 00:00:00+00:00,65.09048461914062,1.3431040048599243,4.046745777130127,1.6725519895553589,4.124847888946533
2023-08-13 00:00:00+00:00,64.43135070800781,1.3401999473571777,4.031182765960693,1.6540249586105347,4.094109058380127
2023-08-14 00:00:00+00:00,62.97573471069336,1.3357939720153809,4.054346084594727,1.7180759906768799,4.074738025665283
2023-08-15 00:00:00+00:00,63.800392150878906,1.2802499532699585,3.8285839557647705,1.625148057937622,3.8497281074523926
2023-08-16 00:00:00+00:00,60.70552444458008,1.2086509466171265,3.698923110961914,1.5692780017852783,3.7261130809783936
2023-08-17 00:00:00+00:00,59.614009857177734,1.121256947517395,3.411881923675537,1.4417929649353027,3.4436519145965576
2023-08-18 00:00:00+00:00,64.39552307128906,1.142529010772705,3.5047800540924072,1.4213199615478516,3.499875068664551
2023-08-19 00:00:00+00:00,64.14543151855469,1.1639130115509033,3.557404041290283,1.4184459447860718,3.5657100677490234
2023-08-20 00:00:00+00:00,62.34817886352539,1.1695640087127686,3.5843799114227295,1.4317560195922852,3.564516067504883
2023-08-21 00:00:00+00:00,63.575904846191406,1.1318600177764893,3.4903318881988525,1.3871170282363892,3.416287899017334
2023-08-22 00:00:00+00:00,61.347965240478516,1.1686129570007324,3.4237000942230225,1.3873369693756104,3.3934059143066406
2023-08-23 00:00:00+00:00,60.817649841308594,1.2089300155639648,3.6012320518493652,1.4524860382080078,3.448777914047241
2023-08-24 00:00:00+00:00,59.90507507324219,1.194301962852478,3.600696086883545,1.463122010231018,3.2969799041748047
2023-08-25 00:00:00+00:00,60.85096740722656,1.1897079944610596,3.510114908218384,1.4739619493484497,3.235245943069458
2023-08-26 00:00:00+00:00,59.98090744018555,1.191527009010315,3.5514650344848633,1.4233789443969727,3.2607429027557373
2023-08-27 00:00:00+00:00,60.80581283569336,1.1773960590362549,3.4882490634918213,1.4131790399551392,3.311906099319458
2023-08-28 00:00:00+00:00,59.56838607788086,1.1937179565429688,3.486217975616455,1.4015690088272095,3.3885750770568848
2023-08-29 00:00:00+00:00,61.099178314208984,1.226222038269043,3.6488029956817627,1.4782439470291138,3.4966928958892822
2023-08-30 00:00:00+00:00,55.98493957519531,1.2033740282058716,3.4914090633392334,1.4471570253372192,3.4157910346984863
2023-08-31 00:00:00+00:00,55.473995208740234,1.154860019683838,3.3410160541534424,1.3727790117263794,3.213697910308838
2023-09-01 00:00:00+00:00,50.36408233642578,1.1281490325927734,3.2382569313049316,1.3407659530639648,3.1711719036102295
2023-09-02 00:00:00+00:00,50.547210693359375,1.1207820177078247,3.2568509578704834,1.3386939764022827,3.1869919300079346
2023-09-03 00:00:00+00:00,55.20595932006836,1.1257729530334473,3.255831003189087,1.3588420152664185,3.166429042816162
2023-09-04 00:00:00+00:00,57.65742111206055,1.1269370317459106,3.2647080421447754,1.3514809608459473,3.1730480194091797
2023-09-05 00:00:00+00:00,53.21984100341797,1.1275709867477417,3.293617010116577,1.3599029779434204,3.238671064376831
2023-09-06 00:00:00+00:00,50.0274772644043,1.1300230026245117,3.3650460243225098,1.397568941116333,3.2458701133728027
2023-09-07 00:00:00+00:00,52.23427200317383,1.1520359516143799,3.363210916519165,1.4821449518203735,3.2609589099884033
2023-09-08 00:00:00+00:00,52.45888137817383,1.1511859893798828,3.2957000732421875,1.455778956413269,3.2258880138397217
2023-09-09 00:00:00+00:00,50.9041862487793,1.1664559841156006,3.2655320167541504,1.4970099925994873,3.241507053375244
2023-09-10 00:00:00+00:00,49.76614761352539,1.15059494972229,3.0975100994110107,1.4791009426116943,3.1117570400238037
2023-09-11 00:00:00+00:00,47.33182144165039,1.1021449565887451,2.9580140113830566,1.4535930156707764,3.0250370502471924
2023-09-12 00:00:00+00:00,50.55599594116211,1.069970965385437,2.9335920810699463,1.5026309490203857,3.086988925933838
2023-09-13 00:00:00+00:00,48.888282775878906,1.090155005455017,2.93320894241333,1.5239230394363403,3.17802095413208
2023-09-14 00:00:00+00:00,51.63239288330078,1.107630968093872,2.9218668937683105,1.5341130495071411,3.229940891265869
2023-09-15 00:00:00+00:00,54.18377685546875,1.1292150020599365,2.997623920440674,1.6053359508514404,3.3658409118652344
2023-09-16 00:00:00+00:00,56.414676666259766,1.128972053527832,3.0053319931030273,1.6177610158920288,3.325227975845337
2023-09-17 00:00:00+00:00,54.80007553100586,1.0964560508728027,2.929795980453491,1.5672049522399902,3.337709903717041
2023-09-18 00:00:00+00:00,54.07040023803711,1.1001629829406738,2.986922025680542,1.569964051246643,3.3305420875549316
2023-09-19 00:00:00+00:00,52.6911506652832,1.1208029985427856,3.031589984893799,1.6033049821853638,3.369935989379883
2023-09-20 00:00:00+00:00,52.04408645629883,1.1213150024414062,2.9986350536346436,1.6240700483322144,3.361151933670044
2023-09-21 00:00:00+00:00,51.48516082763672,1.1253279447555542,2.9009060859680176,1.6011569499969482,3.215886116027832
2023-09-22 00:00:00+00:00,51.932647705078125,1.1215360164642334,2.922960042953491,1.6034220457077026,3.2254409790039062
2023-09-23 00:00:00+00:00,53.90843963623047,1.1156330108642578,2.9633541107177734,1.5697640180587769,3.2419240474700928
2023-09-24 00:00:00+00:00,54.18871307373047,1.0946650505065918,2.9197139739990234,1.5513240098953247,3.2097959518432617
2023-09-25 00:00:00+00:00,55.67263412475586,1.1010760068893433,3.000607967376709,1.4882080554962158,3.2107150554656982
2023-09-26 00:00:00+00:00,58.67494583129883,1.0798269510269165,2.95615291595459,1.4876459836959839,3.1698288917541504
2023-09-27 00:00:00+00:00,56.09391403198242,1.0757590532302856,2.9312949180603027,1.4824539422988892,3.2086169719696045
2023-09-28 00:00:00+00:00,56.753482818603516,1.1072850227355957,3.081223964691162,1.5211739540100098,3.3081700801849365
2023-09-29 00:00:00+00:00,55.61326217651367,1.1224939823150635,3.1443910598754883,1.5392659902572632,3.3387451171875
2023-09-30 00:00:00+00:00,55.0455436706543,1.1339869499206543,3.1635899543762207,1.5352139472961426,3.356117010116577
2023-10-01 00:00:00+00:00,54.91689682006836,1.1606210470199585,3.3092079162597656,1.692842960357666,3.4608230590820312
2023-10-02 00:00:00+00:00,52.361549377441406,1.1153990030288696,3.1290159225463867,1.6947970390319824,3.3354690074920654
2023-10-03 00:00:00+00:00,52.87150192260742,1.098713994026184,3.1255240440368652,1.667212963104248,3.3064990043640137
2023-10-04 00:00:00+00:00,52.874717712402344,1.0992239713668823,3.168768882751465,1.7253700494766235,3.3129100799560547
2023-10-05 00:00:00+00:00,51.785926818847656,1.073317050933838,3.0574069023132324,1.7282650470733643,3.2587780952453613
2023-10-06 00:00:00+00:00,52.48891067504883,1.0929850339889526,3.07452392578125,1.8252110481262207,3.3378820419311523
2023-10-07 00:00:00+00:00,51.01155090332031,1.091130018234253,3.092426061630249,1.833117961883545,3.4480528831481934
2023-10-08 00:00:00+00:00,49.02659225463867,1.0936850309371948,3.0943470001220703,1.833662986755371,3.396152973175049
2023-10-09 00:00:00+00:00,49.79704284667969,1.0407309532165527,2.9227190017700195,1.7622230052947998,3.2298951148986816
2023-10-10 00:00:00+00:00,50.39060974121094,1.0434279441833496,2.9725279808044434,1.7948379516601562,3.1953680515289307
2023-10-11 00:00:00+00:00,49.05962371826172,1.0278129577636719,2.933485984802246,1.7939749956130981,3.175595998764038
2023-10-12 00:00:00+00:00,48.64225769042969,1.011749029159546,2.930649995803833,1.722836971282959,3.2092199325561523
2023-10-13 00:00:00+00:00,49.02947998046875,1.00832200050354,3.058505058288574,1.7477929592132568,3.2075109481811523
2023-10-14 00:00:00+00:00,48.49457550048828,1.011152982711792,3.1033830642700195,1.7381500005722046,3.2141270637512207
2023-10-15 00:00:00+00:00,48.26795959472656,1.0255210399627686,3.147516965866089,1.7300310134887695,3.2232398986816406
2023-10-16 00:00:00+00:00,47.77483367919922,1.0345180034637451,3.1673200130462646,1.838636040687561,3.2547008991241455
2023-10-17 00:00:00+00:00,48.88097381591797,1.0089080333709717,3.069045066833496,1.8705990314483643,3.210638999938965
2023-10-18 00:00:00+00:00,48.07353591918945,0.9996700286865234,3.0602970123291016,1.929656982421875,3.175412893295288
2023-10-19 00:00:00+00:00,46.519859313964844,0.9867100119590759,3.00136399269104,1.9267810583114624,3.1939079761505127
2023-10-20 00:00:00+00:00,49.65278244018555,1.0055710077285767,3.127073049545288,1.9601819515228271,3.2149250507354736
2023-10-21 00:00:00+00:00,50.53707504272461,1.040179967880249,3.2202470302581787,1.9792710542678833,3.342365026473999
2023-10-22 00:00:00+00:00,51.51988220214844,1.0536129474639893,3.2309720516204834,1.9596129655838013,3.4172849655151367
2023-10-23 00:00:00+00:00,51.462684631347656,1.0974030494689941,3.515613079071045,2.0877621173858643,3.8543639183044434
2023-10-24 00:00:00+00:00,66.90304565429688,1.1353490352630615,3.5938448905944824,2.0393900871276855,3.8346669673919678
2023-10-25 00:00:00+00:00,71.02039337158203,1.1415339708328247,3.5696940422058105,2.074044942855835,3.769481897354126
2023-10-26 00:00:00+00:00,69.4705581665039,1.191964030265808,3.543915033340454,2.1550960540771484,3.7360100746154785
2023-10-27 00:00:00+00:00,69.86813354492188,1.2211500406265259,3.515249013900757,2.265533924102783,3.593830108642578
2023-10-28 00:00:00+00:00,75.26077270507812,1.2197599411010742,3.7141990661621094,2.3986880779266357,3.7376708984375
2023-10-29 00:00:00+00:00,79.88101959228516,1.2702499628067017,4.0295610427856445,2.5520179271698,3.7912681102752686
2023-10-30 00:00:00+00:00,82.1581802368164,1.3229600191116333,4.049296855926514,2.4884979724884033,3.861377000808716
2023-10-31 00:00:00+00:00,85.2600326538086,1.334138035774231,3.947654962539673,2.3875300884246826,3.8251869678497314
2023-11-01 00:00:00+00:00,86.47575378417969,1.5283269882202148,4.065040111541748,2.4100608825683594,3.9357728958129883
2023-11-02 00:00:00+00:00,91.52084350585938,1.5241830348968506,4.016265869140625,2.242790937423706,4.093013763427734
2023-11-03 00:00:00+00:00,88.96831512451172,1.4765260219573975,3.94602108001709,2.277174949645996,3.925924062728882
2023-11-04 00:00:00+00:00,95.26422882080078,1.5146750211715698,4.016723155975342,2.3292040824890137,4.004165172576904
2023-11-05 00:00:00+00:00,111.41929626464844,1.6368499994277954,4.065974235534668,2.3728768825531006,4.1166839599609375
2023-11-06 00:00:00+00:00,132.60585021972656,1.584352970123291,4.2546467781066895,2.464948892593384,4.336669921875
2023-11-07 00:00:00+00:00,128.3488006591797,1.4491640329360962,4.19647216796875,2.3391079902648926,4.243912220001221
2023-11-08 00:00:00+00:00,138.8899688720703,1.4759639501571655,4.279016971588135,2.335118055343628,4.445551872253418
2023-11-09 00:00:00+00:00,130.3004913330078,1.436161994934082,4.096162796020508,2.2839128971099854,4.495716094970703
2023-11-10 00:00:00+00:00,132.57791137695312,1.5587389469146729,4.378118991851807,2.4243431091308594,4.587491035461426
2023-11-11 00:00:00+00:00,153.40122985839844,1.598507046699524,4.4575910568237305,2.4977080821990967,4.727450847625732
2023-11-12 00:00:00+00:00,147.60044860839844,1.697957992553711,4.66605806350708,2.4099678993225098,5.141964912414551
2023-11-13 00:00:00+00:00,141.21482849121094,1.5944819450378418,4.521154880523682,2.311063051223755,5.023198127746582
2023-11-14 00:00:00+00:00,136.07391357421875,1.536965012550354,4.266039848327637,2.2512989044189453,4.7889180183410645
2023-11-15 00:00:00+00:00,166.06631469726562,1.7031869888305664,4.737582206726074,2.833693027496338,5.224843978881836
2023-11-16 00:00:00+00:00,161.576416015625,1.725803017616272,4.402976989746094,3.01478910446167,4.849195957183838
2023-11-17 00:00:00+00:00,195.16273498535156,1.868772029876709,4.32512903213501,3.0431571006774902,4.731686115264893
2023-11-18 00:00:00+00:00,231.84512329101562,1.7702909708023071,4.3227081298828125,3.3872199058532715,4.716464996337891
2023-11-19 00:00:00+00:00,249.5565643310547,1.988070011138916,4.6041131019592285,3.370534896850586,4.886618137359619
2023-11-20 00:00:00+00:00,287.7034606933594,1.998265027999878,4.524784088134766,3.407470941543579,4.685923099517822
2023-11-21 00:00:00+00:00,226.27696228027344,1.7595239877700806,4.111048221588135,3.0890700817108154,4.221436977386475
2023-11-22 00:00:00+00:00,240.81373596191406,1.8260289430618286,4.44440221786499,3.3513400554656982,4.4747419357299805
2023-11-23 00:00:00+00:00,240.41001892089844,1.8081239461898804,4.602666854858398,3.21610689163208,4.490414142608643
2023-11-24 00:00:00+00:00,277.5108337402344,1.8365410566329956,4.594686985015869,3.3866190910339355,4.640890121459961
2023-11-25 00:00:00+00:00,277.1864013671875,1.8866440057754517,4.720011234283447,3.4629440307617188,4.779504776000977
2023-11-26 00:00:00+00:00,272.0300598144531,1.8284200429916382,4.664306163787842,3.316093921661377,4.600481033325195
2023-11-27 00:00:00+00:00,244.00831604003906,1.7812860012054443,4.474946022033691,3.168850898742676,4.538297176361084
2023-11-28 00:00:00+00:00,247.21847534179688,1.8192369937896729,4.584682941436768,3.306746006011963,4.533873081207275
2023-11-29 00:00:00+00:00,247.35345458984375,1.8001329898834229,4.511673927307129,3.239403009414673,4.433754920959473
2023-11-30 00:00:00+00:00,287.9706726074219,1.8808510303497314,4.552927017211914,3.431462049484253,4.386086940765381
2023-12-01 00:00:00+00:00,294.0996398925781,1.8936799764633179,4.690368175506592,3.55110502243042,4.500547885894775
2023-12-02 00:00:00+00:00,294.18365478515625,2.0106160640716553,4.832186222076416,3.638094902038574,4.669559001922607
2023-12-03 00:00:00+00:00,335.334716796875,1.9831379652023315,4.70905876159668,3.8678948879241943,4.576581001281738
2023-12-04 00:00:00+00:00,342.297607421875,2.1477019786834717,5.1302490234375,3.7329909801483154,4.725750923156738
2023-12-05 00:00:00+00:00,340.8543701171875,2.2521870136260986,5.110081195831299,3.6776580810546875,4.7878007888793945
2023-12-06 00:00:00+00:00,323.3700866699219,2.286428928375244,4.883632183074951,3.6375560760498047,4.736098766326904
2023-12-07 00:00:00+00:00,323.3925476074219,2.2697598934173584,5.07830810546875,3.642949104309082,5.038577079772949
2023-12-08 00:00:00+00:00,343.0879821777344,2.383758068084717,5.225522041320801,3.868227958679199,5.224761009216309
2023-12-09 00:00:00+00:00,343.7845458984375,2.426558017730713,5.571086883544922,3.716123104095459,5.129116058349609
2023-12-10 00:00:00+00:00,347.9684753417969,2.5161449909210205,5.564806938171387,3.791390895843506,5.143714904785156
2023-12-11 00:00:00+00:00,330.2679443359375,2.239845037460327,5.2915167808532715,3.9221599102020264,4.616567134857178
2023-12-12 00:00:00+00:00,325.7699279785156,2.3020999431610107,5.530270099639893,4.174142837524414,4.643886089324951
2023-12-13 00:00:00+00:00,337.1163024902344,2.3272430896759033,6.278787136077881,4.141156196594238,4.718898773193359
2023-12-14 00:00:00+00:00,379.03521728515625,2.3243589401245117,6.355660915374756,4.597370147705078,4.874691963195801
2023-12-15 00:00:00+00:00,354.77215576171875,2.189847946166992,7.191769123077393,4.3578782081604,4.795094013214111
2023-12-16 00:00:00+00:00,343.365966796875,2.3820390701293945,9.99886703491211,4.4086079597473145,5.678981781005859
2023-12-17 00:00:00+00:00,319.7337646484375,2.269366979598999,10.59050178527832,4.208333969116211,5.285759925842285
2023-12-18 00:00:00+00:00,330.7489929199219,2.284450054168701,9.800702095031738,4.414728164672852,5.297379970550537
2023-12-19 00:00:00+00:00,318.5606384277344,2.436285972595215,9.317848205566406,4.197963237762451,5.1054887771606445
2023-12-20 00:00:00+00:00,316.5872802734375,2.839524030685425,8.852296829223633,4.470893859863281,5.321292877197266
2023-12-21 00:00:00+00:00,308.5630798339844,3.5197529792785645,9.167379379272461,4.3012919425964355,5.5003981590271
2023-12-22 00:00:00+00:00,277.4846496582031,3.363208055496216,9.343137741088867,4.477017879486084,5.534220218658447
2023-12-23 00:00:00+00:00,283.65948486328125,3.895308017730713,9.49707317352295,4.788602828979492,5.628480911254883
2023-12-24 00:00:00+00:00,279.7139587402344,3.811609983444214,9.764100074768066,4.612152099609375,5.6405510902404785
2023-12-25 00:00:00+00:00,274.51226806640625,4.255462169647217,9.552835464477539,4.629818916320801,5.800281047821045
2023-12-26 00:00:00+00:00,265.20831298828125,4.307384967803955,9.250829696655273,5.190962791442871,5.767411231994629
2023-12-27 00:00:00+00:00,314.47320556640625,4.089457988739014,9.221291542053223,4.989758014678955,5.941860198974609
2023-12-28 00:00:00+00:00,304.4967041015625,3.772416114807129,9.794781684875488,4.56756591796875,6.257812976837158
2023-12-29 00:00:00+00:00,275.8028259277344,3.61855411529541,9.388072967529297,4.606061935424805,5.804851055145264
2023-12-30 00:00:00+00:00,277.8972473144531,3.6729910373687744,12.33267593383789,4.558227062225342,6.025085926055908
2023-12-31 00:00:00+00:00,266.39825439453125,3.6528639793395996,13.320262908935547,4.463901996612549,6.929972171783447
2024-01-01 00:00:00+00:00,270.5154724121094,3.799201011657715,12.962580680847168,4.745975971221924,7.6079630851745605
2024-01-02 00:00:00+00:00,266.6148681640625,3.923046112060547,13.955820083618164,4.659811973571777,7.171186923980713
2024-01-03 00:00:00+00:00,251.78897094726562,3.7758491039276123,14.360710144042969,4.418562889099121,6.291049957275391
2024-01-04 00:00:00+00:00,255.623046875,3.919748067855835,13.869668960571289,4.401535987854004,6.502532958984375
2024-01-05 00:00:00+00:00,244.9861602783203,3.5459020137786865,13.294828414916992,3.993407964706421,6.141557216644287
2024-01-06 00:00:00+00:00,239.52545166015625,3.480813980102539,12.027430534362793,3.8063371181488037,5.907337188720703
2024-01-07 00:00:00+00:00,219.3927001953125,3.208437919616699,11.2575101852417,3.62369704246521,5.611790180206299
2024-01-08 00:00:00+00:00,256.5253601074219,3.4157779216766357,13.69788646697998,4.055174827575684,5.870133876800537
2024-01-09 00:00:00+00:00,244.4712677001953,3.2260210514068604,12.714226722717285,3.8693840503692627,5.483406066894531
2024-01-10 00:00:00+00:00,238.92127990722656,3.591649055480957,13.905552864074707,4.225319862365723,5.929123878479004
2024-01-11 00:00:00+00:00,233.05723571777344,3.6200931072235107,13.085082054138184,4.077177047729492,6.462106227874756
2024-01-12 00:00:00+00:00,222.55970764160156,3.4491169452667236,12.241948127746582,3.824115037918091,5.975022792816162
2024-01-13 00:00:00+00:00,229.73941040039062,3.4010679721832275,12.91667366027832,3.8879830837249756,6.029654026031494
2024-01-14 00:00:00+00:00,219.6539764404297,3.307068109512329,12.613301277160645,3.7682011127471924,5.815956115722656
2024-01-15 00:00:00+00:00,221.54331970214844,3.3035550117492676,12.892095565795898,3.7658851146698,5.924891948699951
2024-01-16 00:00:00+00:00,255.99462890625,3.2356228828430176,12.674751281738281,3.967871904373169,5.85436487197876
2024-01-17 00:00:00+00:00,266.6571044921875,3.2997701168060303,12.126668930053711,4.1899027824401855,5.786478042602539
2024-01-18 00:00:00+00:00,254.36866760253906,3.073837995529175,11.473198890686035,4.303450107574463,5.604564189910889
2024-01-19 00:00:00+00:00,245.8177947998047,3.002487897872925,11.204445838928223,4.1224517822265625,5.468885898590088
2024-01-20 00:00:00+00:00,250.7997283935547,2.9594430923461914,11.427566528320312,4.000330924987793,5.502058982849121
2024-01-21 00:00:00+00:00,255.03712463378906,2.9202721118927,11.068115234375,3.9801130294799805,5.371271133422852
2024-01-22 00:00:00+00:00,249.7611083984375,2.6442298889160156,10.460222244262695,3.7422330379486084,5.0369391441345215
2024-01-23 00:00:00+00:00,268.7757873535156,2.649487018585205,10.471803665161133,3.739016056060791,4.891053199768066
2024-01-24 00:00:00+00:00,323.0867919921875,2.6818900108337402,11.549351692199707,3.8525209426879883,5.004737854003906
2024-01-25 00:00:00+00:00,326.3064270019531,2.6978509426116943,11.153820991516113,3.71323299407959,4.9666619300842285
2024-01-26 00:00:00+00:00,342.7858581542969,2.9223029613494873,12.147083282470703,3.919666051864624,5.176812171936035
2024-01-27 00:00:00+00:00,359.83685302734375,2.9093520641326904,12.728463172912598,4.079991817474365,5.333509922027588
2024-01-28 00:00:00+00:00,357.6094665527344,2.880887985229492,12.327214241027832,3.974163055419922,5.192930221557617
2024-01-29 00:00:00+00:00,392.1961364746094,3.007158041000366,12.546724319458008,4.285258769989014,5.334639072418213
2024-01-30 00:00:00+00:00,424.0012512207031,3.0091350078582764,11.736458778381348,4.604896068572998,5.1546549797058105
2024-01-31 00:00:00+00:00,468.2592468261719,2.822042942047119,11.468999862670898,4.327096939086914,4.960391044616699
2024-02-01 00:00:00+00:00,449.0403137207031,2.853393077850342,11.671607971191406,4.602194786071777,4.972276210784912
2024-02-02 00:00:00+00:00,431.5206604003906,2.8985190391540527,12.711692810058594,4.586678981781006,5.044014930725098
2024-02-03 00:00:00+00:00,431.5748596191406,2.814734935760498,12.740189552307129,4.717538833618164,5.065267086029053
2024-02-04 00:00:00+00:00,419.0676574707031,2.753314971923828,12.730938911437988,4.648835182189941,4.927725791931152
2024-02-05 00:00:00+00:00,448.4615173339844,2.7462809085845947,12.241535186767578,4.3955979347229,4.9907331466674805
2024-02-06 00:00:00+00:00,490.1307678222656,2.733901023864746,12.136457443237305,4.268073081970215,5.069389820098877
2024-02-07 00:00:00+00:00,438.7174987792969,2.866760015487671,12.308987617492676,4.464715957641602,5.181991100311279
2024-02-08 00:00:00+00:00,453.7759704589844,2.925611972808838,12.206270217895508,4.433060169219971,5.223236083984375
2024-02-09 00:00:00+00:00,542.5131225585938,2.9934680461883545,12.8449125289917,4.705367088317871,5.479312896728516
2024-02-10 00:00:00+00:00,578.2849731445312,3.0457100868225098,13.137882232666016,4.658594131469727,5.357882976531982
2024-02-11 00:00:00+00:00,535.777587890625,3.125072956085205,12.971975326538086,4.6265950202941895,5.307243824005127
2024-02-12 00:00:00+00:00,540.8229370117188,3.388375997543335,13.293825149536133,4.802425861358643,5.459167003631592
2024-02-13 00:00:00+00:00,581.6115112304688,3.2164299488067627,12.924006462097168,4.898086071014404,5.490612030029297
2024-02-14 00:00:00+00:00,618.7313232421875,3.3352439403533936,13.579257011413574,5.0065741539001465,5.59431791305542
2024-02-15 00:00:00+00:00,674.1320190429688,3.400365114212036,13.50607681274414,5.309088230133057,5.866004943847656
2024-02-16 00:00:00+00:00,664.958984375,3.280803918838501,13.131529808044434,5.293162822723389,5.795269966125488
2024-02-17 00:00:00+00:00,659.152587890625,3.331804037094116,13.183316230773926,5.678030014038086,6.199123859405518
2024-02-18 00:00:00+00:00,639.16552734375,3.5160930156707764,13.651597023010254,5.843574047088623,6.275467872619629
2024-02-19 00:00:00+00:00,639.8450317382812,3.533247947692871,14.582661628723145,6.3457112312316895,7.427043914794922
2024-02-20 00:00:00+00:00,623.8054809570312,3.401885986328125,13.7510986328125,6.486446857452393,7.7319769859313965
2024-02-21 00:00:00+00:00,629.01220703125,3.2431859970092773,13.187097549438477,6.915703773498535,7.236228942871094
2024-02-22 00:00:00+00:00,588.9708862304688,3.2456159591674805,12.729750633239746,7.383673191070557,8.055657386779785
2024-02-23 00:00:00+00:00,583.3270874023438,3.35782790184021,12.370251655578613,7.354091167449951,8.009786605834961
2024-02-24 00:00:00+00:00,562.0757446289062,3.8612709045410156,12.513310432434082,7.219275951385498,8.095867156982422
2024-02-25 00:00:00+00:00,568.3978881835938,3.708153009414673,12.46552562713623,7.208809852600098,8.117400169372559
2024-02-26 00:00:00+00:00,597.0131225585938,4.097135066986084,12.936033248901367,7.595814228057861,8.152714729309082
2024-02-27 00:00:00+00:00,605.54541015625,3.9530210494995117,13.022637367248535,7.197319984436035,7.659423828125
2024-02-28 00:00:00+00:00,606.8926391601562,3.885641098022461,12.6305513381958,8.004193305969238,7.712491035461426
2024-02-29 00:00:00+00:00,619.047607421875,3.870361089706421,12.612983703613281,7.508315086364746,8.135860443115234
2024-03-01 00:00:00+00:00,668.1376953125,3.9619879722595215,12.9773588180542,7.876254081726074,8.222474098205566
2024-03-02 00:00:00+00:00,650.2185668945312,4.491659164428711,13.290731430053711,7.650668144226074,9.318838119506836
2024-03-03 00:00:00+00:00,628.0929565429688,4.440537929534912,13.179264068603516,7.560947895050049,10.487898826599121
2024-03-04 00:00:00+00:00,648.099609375,4.338475227355957,13.389986991882324,7.37542200088501,10.018404006958008
2024-03-05 00:00:00+00:00,678.5908203125,4.249266147613525,14.060763359069824,6.898859977722168,8.889789581298828
2024-03-06 00:00:00+00:00,713.7874145507812,5.862256050109863,15.349275588989258,9.310248374938965,10.071797370910645
2024-03-07 00:00:00+00:00,730.2552490234375,5.5399627685546875,14.958552360534668,10.020926475524902,9.954533576965332
2024-03-08 00:00:00+00:00,695.9442749023438,5.754786968231201,14.676106452941895,10.473992347717285,11.47085952758789
2024-03-09 00:00:00+00:00,715.8345336914062,6.210823059082031,14.769968032836914,12.337565422058105,11.075340270996094
2024-03-10 00:00:00+00:00,690.7095947265625,5.956162929534912,14.157525062561035,11.361845970153809,10.712620735168457
2024-03-11 00:00:00+00:00,686.7974853515625,6.68389892578125,14.980360984802246,11.476539611816406,11.176763534545898
2024-03-12 00:00:00+00:00,678.1627807617188,8.022502899169922,14.69168758392334,11.399665832519531,10.894078254699707
2024-03-13 00:00:00+00:00,639.3223266601562,7.755109786987305,14.501323699951172,11.355114936828613,10.642696380615234
2024-03-14 00:00:00+00:00,630.0140991210938,8.882497787475586,13.92845630645752,11.8729248046875,10.509090423583984
2024-03-15 00:00:00+00:00,622.32958984375,7.477389812469482,12.84390640258789,11.06905460357666,9.768524169921875
2024-03-16 00:00:00+00:00,602.0587158203125,6.7304911613464355,12.237168312072754,10.300930976867676,8.834836959838867
2024-03-17 00:00:00+00:00,695.5106811523438,8.241128921508789,12.646515846252441,13.149740219116211,9.175634384155273
2024-03-18 00:00:00+00:00,719.261962890625,7.022090911865234,12.374014854431152,11.747814178466797,8.874861717224121
2024-03-19 00:00:00+00:00,608.8046875,6.357397079467773,10.930520057678223,10.66127872467041,7.99421501159668
2024-03-20 00:00:00+00:00,685.0753784179688,6.900822162628174,11.919709205627441,11.698086738586426,8.63406753540039
2024-03-21 00:00:00+00:00,622.7826538085938,6.442201137542725,12.73973560333252,10.759538650512695,9.025538444519043
2024-03-22 00:00:00+00:00,579.1671752929688,6.474308013916016,13.352368354797363,10.663119316101074,8.7037353515625
2024-03-23 00:00:00+00:00,570.0355834960938,6.623126983642578,13.474428176879883,10.670997619628906,8.62746810913086
2024-03-24 00:00:00+00:00,600.2114868164062,6.977639198303223,15.133993148803711,10.91132640838623,8.917427062988281
2024-03-25 00:00:00+00:00,623.881103515625,7.458374977111816,17.638607025146484,11.028297424316406,9.362483024597168
2024-03-26 00:00:00+00:00,582.9119262695312,7.65586519241333,19.050113677978516,11.109232902526855,9.449270248413086
2024-03-27 00:00:00+00:00,534.1575317382812,7.259137153625488,18.392257690429688,11.261822700500488,9.128179550170898
2024-03-28 00:00:00+00:00,533.2210083007812,7.189585208892822,17.983652114868164,11.161237716674805,9.301408767700195
2024-03-29 00:00:00+00:00,522.7667846679688,6.973135948181152,17.216106414794922,10.959593772888184,9.669443130493164
2024-03-30 00:00:00+00:00,495.7784729003906,6.937624931335449,17.903276443481445,10.698881149291992,9.44165325164795
2024-03-31 00:00:00+00:00,522.97314453125,7.3030829429626465,18.7785587310791,10.658357620239258,9.965422630310059
2024-04-01 00:00:00+00:00,580.3019409179688,6.742222785949707,18.087337493896484,10.068490028381348,9.391366004943848
2024-04-02 00:00:00+00:00,523.6484375,6.216184139251709,17.89361000061035,9.436200141906738,8.565409660339355
2024-04-03 00:00:00+00:00,556.7780151367188,6.609620094299316,17.865264892578125,9.376455307006836,8.43335247039795
2024-04-04 00:00:00+00:00,599.8580322265625,6.727497100830078,17.818981170654297,9.611030578613281,8.638520240783691
2024-04-05 00:00:00+00:00,567.8563842773438,7.227752208709717,16.875770568847656,9.23603343963623,8.401153564453125
2024-04-06 00:00:00+00:00,553.2673950195312,7.02336311340332,17.042560577392578,9.54539680480957,8.587167739868164
2024-04-07 00:00:00+00:00,566.7349853515625,6.916257858276367,17.137191772460938,9.764079093933105,8.833585739135742
2024-04-08 00:00:00+00:00,568.147216796875,7.3644609451293945,17.790754318237305,10.312536239624023,9.316519737243652
2024-04-09 00:00:00+00:00,591.76318359375,7.213878154754639,16.0638427734375,9.412863731384277,8.654461860656738
2024-04-10 00:00:00+00:00,571.2410888671875,6.987525939941406,15.961050033569336,9.224244117736816,8.494768142700195
2024-04-11 00:00:00+00:00,632.1427001953125,6.8025641441345215,15.523490905761719,9.041890144348145,8.05201530456543
2024-04-12 00:00:00+00:00,539.6456298828125,5.793785095214844,13.957637786865234,8.212959289550781,6.619019985198975
2024-04-13 00:00:00+00:00,509.7718200683594,5.234365940093994,12.37338924407959,7.487730026245117,5.730703830718994
2024-04-14 00:00:00+00:00,587.6121215820312,5.716465950012207,12.89488410949707,8.95490837097168,6.163818836212158
2024-04-15 00:00:00+00:00,526.1918334960938,5.223505973815918,12.348943710327148,8.290690422058105,6.01185417175293
2024-04-16 00:00:00+00:00,500.3680419921875,5.499640941619873,12.244636535644531,8.270551681518555,6.07788610458374
2024-04-17 00:00:00+00:00,455.5310363769531,5.409567832946777,11.858853340148926,7.658434867858887,5.843282222747803
2024-04-18 00:00:00+00:00,465.65301513671875,5.703774929046631,12.769272804260254,7.901900768280029,5.999029159545898
2024-04-19 00:00:00+00:00,441.41583251953125,5.5877461433410645,14.05406379699707,7.919671058654785,6.153690814971924
2024-04-20 00:00:00+00:00,485.5973205566406,6.224856853485107,15.525568962097168,8.968465805053711,6.652500152587891
2024-04-21 00:00:00+00:00,475.1974792480469,6.450003147125244,15.099538803100586,9.093498229980469,6.476399898529053
2024-04-22 00:00:00+00:00,521.2726440429688,7.035807132720947,15.092007637023926,9.270233154296875,6.574313163757324
2024-04-23 00:00:00+00:00,500.1019287109375,6.891204833984375,14.458793640136719,8.995514869689941,6.389020919799805
2024-04-24 00:00:00+00:00,452.01849365234375,6.879597187042236,13.71009635925293,8.476228713989258,6.050018787384033
2024-04-25 00:00:00+00:00,460.66485595703125,7.139514923095703,13.805842399597168,8.624981880187988,5.99458122253418
2024-04-26 00:00:00+00:00,426.8613586425781,6.921290874481201,13.044952392578125,8.126982688903809,6.003209114074707
2024-04-27 00:00:00+00:00,421.605224609375,7.134767055511475,13.290596961975098,8.072186470031738,5.923327922821045
2024-04-28 00:00:00+00:00,423.6626892089844,7.051272869110107,13.552374839782715,7.955926895141602,5.89553689956665
2024-04-29 00:00:00+00:00,404.3487243652344,6.869527816772461,13.44510269165039,7.884811878204346,5.922525882720947
2024-04-30 00:00:00+00:00,388.356689453125,6.1816182136535645,12.860363960266113,7.351409912109375,5.621706008911133
2024-05-01 00:00:00+00:00,380.84942626953125,6.147000789642334,13.202484130859375,7.658843994140625,5.713424205780029
2024-05-02 00:00:00+00:00,404.4996337890625,6.0906782150268555,13.506959915161133,7.831577777862549,5.936491966247559
2024-05-03 00:00:00+00:00,425.78851318359375,6.876380920410156,13.62372875213623,8.242426872253418,6.049036026000977
2024-05-04 00:00:00+00:00,446.3497009277344,6.8750081062316895,13.166275024414062,8.948328971862793,6.056492805480957
2024-05-05 00:00:00+00:00,455.16265869140625,7.497902870178223,12.998931884765625,9.872990608215332,6.154695987701416
2024-05-06 00:00:00+00:00,441.575439453125,7.304293155670166,12.793852806091309,9.946264266967773,6.028936862945557
2024-05-07 00:00:00+00:00,419.1160888671875,7.123751163482666,12.424773216247559,10.326770782470703,5.77473783493042
2024-05-08 00:00:00+00:00,391.5845947265625,6.807665824890137,12.032734870910645,9.879263877868652,5.706348896026611
2024-05-09 00:00:00+00:00,393.1714782714844,7.486283779144287,12.170241355895996,10.836725234985352,5.927069187164307
2024-05-10 00:00:00+00:00,376.6548156738281,7.251708030700684,11.86201000213623,10.967300415039062,5.621685981750488
2024-05-11 00:00:00+00:00,374.2824401855469,7.0153021812438965,11.8631591796875,10.945088386535645,5.603928089141846
2024-05-12 00:00:00+00:00,363.05035400390625,6.88633394241333,11.724303245544434,10.81902027130127,5.604376792907715
2024-05-13 00:00:00+00:00,356.85906982421875,7.278495788574219,11.77885913848877,11.245508193969727,5.5990681648254395
2024-05-14 00:00:00+00:00,343.6927795410156,7.019343852996826,11.826790809631348,10.047891616821289,5.347117900848389
2024-05-15 00:00:00+00:00,390.1963195800781,8.048585891723633,12.49207878112793,10.630765914916992,5.788638114929199
2024-05-16 00:00:00+00:00,382.2371826171875,8.012919425964355,12.166803359985352,10.051285743713379,5.749680042266846
2024-05-17 00:00:00+00:00,381.0063171386719,8.036334991455078,13.102567672729492,10.08797836303711,5.889987945556641
2024-05-18 00:00:00+00:00,383.103759765625,7.925786018371582,13.230768203735352,10.344453811645508,5.850030899047852
2024-05-19 00:00:00+00:00,365.47039794921875,7.781746864318848,12.614998817443848,10.052556991577148,5.553036212921143
2024-05-20 00:00:00+00:00,407.26348876953125,8.281798362731934,13.57278823852539,10.879841804504395,6.1667680740356445
2024-05-21 00:00:00+00:00,423.36517333984375,7.8202338218688965,13.295509338378906,11.205838203430176,6.232538223266602
2024-05-22 00:00:00+00:00,447.134033203125,7.9830498695373535,12.813791275024414,10.653103828430176,6.114306926727295
2024-05-23 00:00:00+00:00,449.2017517089844,7.690104961395264,12.2855863571167,10.232274055480957,5.789027214050293
2024-05-24 00:00:00+00:00,436.2985534667969,7.908216953277588,12.410199165344238,10.11349105834961,5.8170318603515625
2024-05-25 00:00:00+00:00,424.51605224609375,8.237351417541504,12.331180572509766,10.08544635772705,6.009364128112793
2024-05-26 00:00:00+00:00,435.0234680175781,7.80537223815918,12.057968139648438,9.979887962341309,5.8523759841918945
2024-05-27 00:00:00+00:00,437.5375061035156,7.817514896392822,12.383003234863281,10.149585723876953,6.110170841217041
2024-05-28 00:00:00+00:00,418.7073059082031,7.705221176147461,12.087303161621094,10.22331428527832,5.935842990875244
2024-05-29 00:00:00+00:00,394.555419921875,7.570457935333252,12.063249588012695,10.275286674499512,5.778116226196289
2024-05-30 00:00:00+00:00,389.95855712890625,7.282121181488037,11.975290298461914,10.0223970413208,5.809640884399414
2024-05-31 00:00:00+00:00,389.1264343261719,7.248654842376709,11.854660034179688,10.124439239501953,5.737886905670166
2024-06-01 00:00:00+00:00,386.2821044921875,7.36962890625,12.07162094116211,10.040284156799316,5.792257785797119
2024-06-02 00:00:00+00:00,381.2474060058594,7.194225788116455,11.868753433227539,9.924842834472656,5.808423042297363
2024-06-03 00:00:00+00:00,378.83685302734375,7.118687152862549,11.97701644897461,10.006152153015137,5.789131164550781
2024-06-04 00:00:00+00:00,397.6661071777344,7.425075054168701,12.300000190734863,10.337048530578613,5.958962917327881
2024-06-05 00:00:00+00:00,418.4324951171875,7.655089855194092,12.332524299621582,10.703509330749512,6.076117992401123
2024-06-06 00:00:00+00:00,423.1296081542969,7.333910942077637,12.088897705078125,10.380135536193848,5.958722114562988
2024-06-07 00:00:00+00:00,391.8150939941406,6.8800458908081055,11.517300605773926,9.579879760742188,6.116384983062744
2024-06-08 00:00:00+00:00,361.6274719238281,6.571623802185059,10.895586013793945,9.144438743591309,6.05625581741333
2024-06-09 00:00:00+00:00,362.0003967285156,6.591291904449463,11.030340194702148,9.20444107055664,6.128446102142334
2024-06-10 00:00:00+00:00,342.7768249511719,6.390912055969238,11.112204551696777,8.637553215026855,5.790617942810059
2024-06-11 00:00:00+00:00,325.64801025390625,6.065760135650635,10.088054656982422,8.196200370788574,5.38822078704834
2024-06-12 00:00:00+00:00,353.8299255371094,6.399778842926025,10.514159202575684,9.265911102294922,5.65232515335083
2024-06-13 00:00:00+00:00,315.61285400390625,5.919665813446045,9.811942100524902,8.311713218688965,5.377881050109863
2024-06-14 00:00:00+00:00,302.6905822753906,5.5840301513671875,9.315333366394043,7.94940185546875,5.0931878089904785
2024-06-15 00:00:00+00:00,301.720703125,5.600974082946777,9.092928886413574,7.930939197540283,5.222397804260254
2024-06-16 00:00:00+00:00,305.4281005859375,5.6395721435546875,9.614850044250488,8.391852378845215,5.238096237182617
2024-06-17 00:00:00+00:00,288.2794189453125,5.171620845794678,8.883711814880371,7.7177839279174805,4.92716121673584
2024-06-18 00:00:00+00:00,293.65673828125,4.731679916381836,8.129877090454102,7.41209077835083,4.351515769958496
2024-06-19 00:00:00+00:00,298.8622741699219,4.958508014678955,8.371156692504883,7.720853805541992,4.436532020568848
2024-06-20 00:00:00+00:00,298.40234375,5.159675121307373,8.257028579711914,7.5533318519592285,4.405632019042969
2024-06-21 00:00:00+00:00,285.9797058105469,5.407017230987549,8.375478744506836,7.484611988067627,4.395113945007324
2024-06-22 00:00:00+00:00,279.1346435546875,5.184945106506348,8.19472599029541,7.349649906158447,4.380740165710449
2024-06-23 00:00:00+00:00,272.3081359863281,5.1874871253967285,7.886980056762695,7.020747184753418,4.285868167877197
2024-06-24 00:00:00+00:00,276.6904602050781,5.372830867767334,8.019048690795898,7.535254955291748,4.396474838256836
2024-06-25 00:00:00+00:00,288.8655090332031,5.421197891235352,8.284443855285645,7.665281772613525,4.442375183105469
2024-06-26 00:00:00+00:00,279.3692321777344,5.175004005432129,8.108187675476074,7.437289237976074,4.392999172210693
2024-06-27 00:00:00+00:00,284.15234375,5.212277889251709,8.242374420166016,7.721327781677246,4.500518798828125
2024-06-28 00:00:00+00:00,267.3403015136719,4.958116054534912,7.888297080993652,7.357738971710205,4.376482963562012
2024-06-29 00:00:00+00:00,259.40496826171875,4.952416896820068,7.9219560623168945,7.1522297859191895,4.338674068450928
2024-06-30 00:00:00+00:00,271.7104187011719,5.302049160003662,8.158838272094727,7.6787848472595215,4.471592903137207
2024-07-01 00:00:00+00:00,276.22625732421875,5.262991905212402,8.063421249389648,7.535182952880859,4.330423831939697
2024-07-02 00:00:00+00:00,241.31756591796875,5.512514114379883,7.853468894958496,7.643171787261963,4.409020900726318
2024-07-03 00:00:00+00:00,236.76168823242188,5.028016090393066,7.330558776855469,7.048351764678955,4.099650859832764
2024-07-04 00:00:00+00:00,221.4989471435547,4.619162082672119,6.666378974914551,6.560402870178223,3.7904980182647705
2024-07-05 00:00:00+00:00,223.9766387939453,4.4178972244262695,6.807707786560059,6.372527122497559,3.540834903717041
2024-07-06 00:00:00+00:00,231.16580200195312,4.815793991088867,7.553190231323242,7.005125045776367,3.9816830158233643
2024-07-07 00:00:00+00:00,216.06056213378906,4.399316787719727,6.912590026855469,6.355918884277344,3.633152961730957
2024-07-08 00:00:00+00:00,231.20184326171875,4.47232723236084,6.818933963775635,6.360535144805908,3.8186399936676025
2024-07-09 00:00:00+00:00,254.7648162841797,4.53011417388916,7.232981204986572,6.463153839111328,3.90998911857605
2024-07-10 00:00:00+00:00,259.690185546875,4.628055095672607,7.211949825286865,6.498877048492432,3.9725589752197266
2024-07-11 00:00:00+00:00,246.27926635742188,4.9285569190979,7.36171293258667,5.994184970855713,4.081707954406738
2024-07-12 00:00:00+00:00,242.15438842773438,5.183526039123535,7.322975158691406,6.115771770477295,4.117102146148682
2024-07-13 00:00:00+00:00,257.4399719238281,5.208792209625244,8.443863868713379,6.022080898284912,4.279301166534424
2024-07-14 00:00:00+00:00,276.7709045410156,5.399120807647705,8.62303352355957,6.182140827178955,4.267838954925537
2024-07-15 00:00:00+00:00,300.2723693847656,5.936538219451904,9.72042179107666,6.742845058441162,4.451779842376709
2024-07-16 00:00:00+00:00,304.5465393066406,6.243734836578369,9.665088653564453,6.610384941101074,4.535258769989014
2024-07-17 00:00:00+00:00,320.10150146484375,6.074845790863037,10.278219223022461,6.710431098937988,4.553431034088135
2024-07-18 00:00:00+00:00,336.0042419433594,6.034566879272461,9.673986434936523,6.438337802886963,4.383535861968994
2024-07-19 00:00:00+00:00,355.47265625,6.437486171722412,10.145533561706543,6.657406806945801,4.659226894378662
2024-07-20 00:00:00+00:00,337.6792907714844,6.290355205535889,10.330741882324219,7.006581783294678,4.714453220367432
2024-07-21 00:00:00+00:00,350.3081359863281,6.337380886077881,10.732657432556152,7.168960094451904,4.775507926940918
2024-07-22 00:00:00+00:00,325.2304382324219,6.031447887420654,10.157570838928223,6.734723091125488,4.507594108581543
2024-07-23 00:00:00+00:00,328.7856140136719,5.769036769866943,9.623538970947266,6.793708801269531,4.448916912078857
2024-07-24 00:00:00+00:00,332.88360595703125,5.616591930389404,9.508835792541504,6.787316799163818,4.26777982711792
2024-07-25 00:00:00+00:00,327.70574951171875,5.423776149749756,9.920185089111328,6.609580039978027,4.199559211730957
2024-07-26 00:00:00+00:00,351.66082763671875,5.724639892578125,9.71644115447998,6.799986839294434,4.645359992980957
2024-07-27 00:00:00+00:00,337.96527099609375,5.684817790985107,9.696186065673828,6.519780158996582,4.5816121101379395
2024-07-28 00:00:00+00:00,335.3363342285156,5.449138164520264,9.357606887817383,6.36792516708374,4.445803165435791
2024-07-29 00:00:00+00:00,319.1649475097656,5.279585838317871,8.942424774169922,6.167547225952148,4.439972877502441
2024-07-30 00:00:00+00:00,321.0391845703125,5.153081893920898,8.828805923461914,6.0210981369018555,4.331841945648193
2024-07-31 00:00:00+00:00,302.0970764160156,4.9943461418151855,8.957118034362793,5.748541831970215,4.209012031555176
2024-08-01 00:00:00+00:00,297.9005432128906,4.98779821395874,8.897101402282715,5.607421875,4.16008996963501
2024-08-02 00:00:00+00:00,262.9641418457031,4.5977349281311035,8.289592742919922,4.93414306640625,3.8672590255737305
2024-08-03 00:00:00+00:00,248.4659881591797,4.365372180938721,7.766585826873779,4.944656848907471,3.689512014389038
2024-08-04 00:00:00+00:00,217.06008911132812,4.132936000823975,7.323976993560791,4.530045986175537,3.5256049633026123
2024-08-05 00:00:00+00:00,228.94154357910156,3.5290229320526123,7.073513031005859,4.138243198394775,3.2430388927459717
2024-08-06 00:00:00+00:00,259.1829528808594,3.6711440086364746,7.661187171936035,4.664667129516602,3.495929002761841
2024-08-07 00:00:00+00:00,247.0230255126953,3.564707040786743,7.01637077331543,4.3706440925598145,3.350783109664917
2024-08-08 00:00:00+00:00,304.47674560546875,4.063648223876953,7.684101104736328,5.040257930755615,3.8298349380493164
2024-08-09 00:00:00+00:00,298.6031799316406,4.055445194244385,7.442454814910889,4.863499164581299,3.7647669315338135
2024-08-10 00:00:00+00:00,295.9527893066406,4.1648688316345215,7.367284774780273,4.8981499671936035,3.7777559757232666
2024-08-11 00:00:00+00:00,285.50262451171875,3.86714506149292,6.833847999572754,4.485921859741211,3.4891319274902344
2024-08-12 00:00:00+00:00,282.4523010253906,4.11207389831543,7.287415981292725,4.711327075958252,3.7373719215393066
2024-08-13 00:00:00+00:00,284.9461669921875,4.3059401512146,7.363976955413818,4.8288679122924805,3.7086260318756104
2024-08-14 00:00:00+00:00,276.0146179199219,4.168641090393066,7.136919975280762,4.708707809448242,3.5858259201049805
2024-08-15 00:00:00+00:00,268.4975280761719,4.0274858474731445,6.947556972503662,4.548745155334473,3.504157066345215
2024-08-16 00:00:00+00:00,274.6383361816406,3.9729199409484863,7.018775939941406,4.51124906539917,3.5024709701538086
2024-08-17 00:00:00+00:00,276.2580871582031,3.9888179302215576,7.276638984680176,4.512897968292236,3.5654850006103516
2024-08-18 00:00:00+00:00,280.65631103515625,3.903520107269287,7.140541076660156,4.510126113891602,3.549952983856201
2024-08-19 00:00:00+00:00,287.150146484375,4.0,7.1709208488464355,4.60719108581543,3.623694896697998
2024-08-20 00:00:00+00:00,296.241943359375,4.034473896026611,7.2851080894470215,4.517323970794678,3.6519041061401367
2024-08-21 00:00:00+00:00,297.0046081542969,4.246969223022461,7.689330101013184,4.777425765991211,3.7928879261016846
2024-08-22 00:00:00+00:00,320.0855712890625,4.301692008972168,8.036563873291016,5.049324035644531,3.9486119747161865
2024-08-23 00:00:00+00:00,346.2889709472656,4.829037189483643,8.675230979919434,5.596922874450684,4.228506088256836
2024-08-24 00:00:00+00:00,338.5904846191406,5.044546127319336,8.70246410369873,6.206462860107422,4.245361804962158
2024-08-25 00:00:00+00:00,349.0818176269531,4.910554885864258,8.516169548034668,6.32774019241333,4.159570217132568
2024-08-26 00:00:00+00:00,336.9648742675781,4.7829179763793945,8.091096878051758,6.165719985961914,3.9321649074554443
2024-08-27 00:00:00+00:00,313.0216064453125,4.530325889587402,7.7208027839660645,5.7324748039245605,3.7208220958709717
2024-08-28 00:00:00+00:00,298.5693359375,4.345395088195801,7.753704071044922,5.522098064422607,3.645634889602661
2024-08-29 00:00:00+00:00,284.1522216796875,4.216790199279785,7.789374828338623,5.244533061981201,3.6423330307006836
2024-08-30 00:00:00+00:00,282.2769470214844,4.116755962371826,7.625193119049072,5.243689060211182,3.642040967941284
2024-08-31 00:00:00+00:00,281.5362854003906,4.035016059875488,7.56144905090332,5.00002384185791,3.568272113800049
2024-09-01 00:00:00+00:00,263.6190490722656,3.851619005203247,7.195940971374512,4.839439868927002,3.3624119758605957
2024-09-02 00:00:00+00:00,280.33349609375,3.9907989501953125,7.529466152191162,5.089085102081299,3.491067886352539
2024-09-03 00:00:00+00:00,248.05747985839844,3.7241249084472656,7.157752990722656,4.710943222045898,3.3506550788879395
2024-09-04 00:00:00+00:00,255.64439392089844,3.886152982711792,7.56129789352417,4.924654960632324,3.39288592338562
2024-09-05 00:00:00+00:00,237.7897491455078,3.7074050903320312,7.231044769287109,4.682106971740723,3.3581290245056152
2024-09-06 00:00:00+00:00,231.42001342773438,3.5458950996398926,7.020010948181152,4.680119037628174,3.2729060649871826
2024-09-07 00:00:00+00:00,234.9435577392578,3.6636900901794434,7.0567779541015625,4.719813823699951,3.347330093383789
2024-09-08 00:00:00+00:00,245.85997009277344,3.750783920288086,7.4117817878723145,4.868236064910889,3.4075160026550293
2024-09-09 00:00:00+00:00,276.802490234375,4.016489028930664,7.780320167541504,5.162442207336426,3.604033946990967
2024-09-10 00:00:00+00:00,287.4865417480469,4.040198802947998,8.946880340576172,5.274075984954834,3.6631970405578613
2024-09-11 00:00:00+00:00,284.4398193359375,3.9720630645751953,8.681049346923828,5.095366954803467,3.604408025741577
2024-09-12 00:00:00+00:00,293.4329833984375,4.2465081214904785,8.515971183776855,5.245138168334961,3.658389091491699
2024-09-13 00:00:00+00:00,320.38153076171875,4.289943218231201,8.616756439208984,5.240053176879883,3.7289340496063232
2024-09-14 00:00:00+00:00,327.2342224121094,4.19431209564209,8.645679473876953,5.235575199127197,3.6612770557403564
2024-09-15 00:00:00+00:00,303.7421569824219,4.022871971130371,8.328871726989746,4.952479839324951,3.450982093811035
2024-09-16 00:00:00+00:00,288.3960876464844,3.880192995071411,8.027944564819336,4.743621826171875,3.4135899543762207
2024-09-17 00:00:00+00:00,324.3278503417969,4.131886959075928,7.913157939910889,4.762907981872559,3.4636220932006836
2024-09-18 00:00:00+00:00,336.1998291015625,4.243157863616943,8.180225372314453,4.974198818206787,3.6017730236053467
2024-09-19 00:00:00+00:00,373.9969482421875,4.363872051239014,8.084513664245605,5.126946926116943,3.69046688079834
2024-09-20 00:00:00+00:00,407.8338928222656,4.380475044250488,8.461785316467285,5.276051998138428,3.776228904724121
2024-09-21 00:00:00+00:00,468.5651550292969,4.6737961769104,8.541547775268555,5.616744041442871,3.8692169189453125
2024-09-22 00:00:00+00:00,471.3413391113281,4.528008937835693,8.261249542236328,5.639126777648926,3.7274320125579834
2024-09-23 00:00:00+00:00,540.6019897460938,5.171483039855957,8.71180534362793,6.217315196990967,3.7614619731903076
2024-09-24 00:00:00+00:00,550.13427734375,5.365303039550781,9.405803680419922,6.26206111907959,3.8595480918884277
2024-09-25 00:00:00+00:00,552.6978759765625,5.143550872802734,9.057049751281738,5.917409896850586,3.9420840740203857
2024-09-26 00:00:00+00:00,528.1896362304688,5.555717945098877,9.517230987548828,6.317698955535889,4.1005730628967285
2024-09-27 00:00:00+00:00,550.3119506835938,5.459536075592041,9.889152526855469,6.7061991691589355,4.198005199432373
2024-09-28 00:00:00+00:00,536.4642333984375,5.56279993057251,9.701295852661133,6.543017864227295,4.129866123199463
2024-09-29 00:00:00+00:00,561.868896484375,5.500738143920898,9.552041053771973,6.679452896118164,4.085205078125
2024-09-30 00:00:00+00:00,578.0184326171875,5.292970180511475,8.993186950683594,6.446825981140137,3.812598943710327
2024-10-01 00:00:00+00:00,538.5266723632812,4.8425188064575195,8.328100204467773,5.8125691413879395,3.555272102355957
2024-10-02 00:00:00+00:00,520.8357543945312,4.633016109466553,7.9960222244262695,5.438621997833252,3.5459320545196533
2024-10-03 00:00:00+00:00,497.13812255859375,4.635335922241211,8.01987361907959,5.248305797576904,3.570434093475342
2024-10-04 00:00:00+00:00,585.279296875,4.824685096740723,8.359048843383789,5.678193092346191,3.645158052444458
2024-10-05 00:00:00+00:00,566.4353637695312,4.778327941894531,8.206730842590332,5.4439592361450195,3.61694598197937
2024-10-06 00:00:00+00:00,635.2495727539062,4.951803207397461,8.509588241577148,5.436293125152588,3.6953530311584473
2024-10-07 00:00:00+00:00,609.8056030273438,5.043309211730957,8.052411079406738,5.249684810638428,3.710313081741333
2024-10-08 00:00:00+00:00,605.9193115234375,4.892703056335449,7.984889984130859,5.3516130447387695,3.6270101070404053
2024-10-09 00:00:00+00:00,569.2843627929688,4.605521202087402,7.817846775054932,5.067551136016846,3.4977450370788574
2024-10-10 00:00:00+00:00,562.7423706054688,4.590939044952393,8.009186744689941,5.0811309814453125,3.5337131023406982
2024-10-11 00:00:00+00:00,621.5048217773438,4.731009006500244,8.136953353881836,5.386221885681152,3.5825870037078857
2024-10-12 00:00:00+00:00,656.8795166015625,4.8468499183654785,8.063159942626953,5.449288845062256,3.6129488945007324
2024-10-13 00:00:00+00:00,641.0262451171875,4.694034099578857,7.916998863220215,5.379788875579834,3.563206911087036
2024-10-14 00:00:00+00:00,632.2364501953125,5.022414207458496,8.337224006652832,5.582703113555908,3.8585081100463867
2024-10-15 00:00:00+00:00,597.5099487304688,5.061192989349365,8.112735748291016,5.48095703125,3.798772096633911
2024-10-16 00:00:00+00:00,579.8082885742188,4.9463372230529785,7.902626037597656,5.374937057495117,3.751765012741089
2024-10-17 00:00:00+00:00,577.2908935546875,4.764453887939453,7.658501148223877,5.214422225952148,3.642509937286377
2024-10-18 00:00:00+00:00,576.4187622070312,4.893058776855469,8.013004302978516,5.407853126525879,3.7749829292297363
2024-10-19 00:00:00+00:00,558.5450439453125,4.819650173187256,8.039579391479492,5.362736225128174,3.7668960094451904
2024-10-20 00:00:00+00:00,602.2457275390625,4.971157073974609,8.344012260437012,5.505958080291748,3.9825150966644287
2024-10-21 00:00:00+00:00,547.6748657226562,4.7832231521606445,7.973814010620117,5.2407917976379395,3.850996971130371
2024-10-22 00:00:00+00:00,542.8186645507812,4.6773200035095215,7.944518089294434,5.207962989807129,3.799931049346924
2024-10-23 00:00:00+00:00,522.022705078125,4.629580974578857,8.06879711151123,5.0772600173950195,3.678476095199585
2024-10-24 00:00:00+00:00,542.5264892578125,4.71491813659668,8.28941535949707,5.199648857116699,3.7319440841674805
2024-10-25 00:00:00+00:00,487.387451171875,4.169299125671387,7.691863059997559,4.6191020011901855,3.435983896255493
2024-10-26 00:00:00+00:00,510.76043701171875,4.233325958251953,7.724675178527832,4.788599967956543,3.4657280445098877
2024-10-27 00:00:00+00:00,509.705810546875,4.3042731285095215,7.790670871734619,4.86668586730957,3.5639030933380127
2024-10-28 00:00:00+00:00,513.3666381835938,4.300681114196777,7.8046040534973145,4.911229133605957,3.6235010623931885
2024-10-29 00:00:00+00:00,520.775146484375,4.430874824523926,8.121644020080566,5.1467180252075195,3.704564094543457
2024-10-30 00:00:00+00:00,494.1326904296875,4.314311981201172,8.145928382873535,4.980441093444824,3.7233049869537354
2024-10-31 00:00:00+00:00,484.1302490234375,4.049982070922852,7.847722053527832,4.771665096282959,3.531569004058838
2024-11-01 00:00:00+00:00,463.1950988769531,3.927180051803589,7.808931827545166,4.6961870193481445,3.467700958251953
2024-11-02 00:00:00+00:00,438.8302307128906,3.8033740520477295,7.521859169006348,4.593069076538086,3.426429033279419
2024-11-03 00:00:00+00:00,434.47796630859375,3.6908669471740723,7.183899879455566,4.448552131652832,3.339992046356201
2024-11-04 00:00:00+00:00,418.7543029785156,3.616046905517578,7.015641212463379,4.215928077697754,3.2686209678649902
2024-11-05 00:00:00+00:00,458.3378601074219,3.813896894454956,7.366330146789551,4.4209208488464355,3.3920209407806396
2024-11-06 00:00:00+00:00,526.7551879882812,4.234270095825195,7.885677814483643,5.060390949249268,3.716407060623169
2024-11-07 00:00:00+00:00,507.2076416015625,4.230734825134277,7.805988788604736,5.03049898147583,3.7685370445251465
2024-11-08 00:00:00+00:00,499.1393737792969,4.3414812088012695,8.594079971313477,4.977470874786377,3.912935972213745
2024-11-09 00:00:00+00:00,516.83447265625,4.636455059051514,8.568577766418457,5.325117111206055,4.070218086242676
2024-11-10 00:00:00+00:00,560.7639770507812,4.727680206298828,8.99902629852295,5.652360916137695,4.266575813293457
2024-11-11 00:00:00+00:00,607.3265380859375,5.566177845001221,9.480661392211914,6.930255889892578,4.408804893493652
2024-11-12 00:00:00+00:00,569.3557739257812,5.363576889038086,8.844441413879395,7.216065883636475,4.24172306060791
2024-11-13 00:00:00+00:00,538.396728515625,5.169864177703857,8.523531913757324,7.016025066375732,4.074394226074219
2024-11-14 00:00:00+00:00,494.4898986816406,5.4167962074279785,7.976293087005615,6.573671817779541,3.8595778942108154
2024-11-15 00:00:00+00:00,520.0584716796875,5.603342056274414,8.73965072631836,7.077037811279297,4.192691802978516
2024-11-16 00:00:00+00:00,518.3165283203125,5.961000919342041,9.241076469421387,7.0481672286987305,4.739479064941406
2024-11-17 00:00:00+00:00,491.2375793457031,5.705327987670898,8.97469425201416,7.116631984710693,4.340086936950684
2024-11-18 00:00:00+00:00,511.4031677246094,6.0235490798950195,9.409235954284668,7.675655841827393,4.53128719329834
2024-11-19 00:00:00+00:00,483.9893798828125,5.7893218994140625,9.146188735961914,7.8899970054626465,4.4345598220825195
2024-11-20 00:00:00+00:00,481.43670654296875,5.477182865142822,8.831256866455078,7.363370895385742,4.243452072143555
2024-11-21 00:00:00+00:00,520.107177734375,5.7984418869018555,9.231600761413574,7.3636322021484375,4.536004066467285
2024-11-22 00:00:00+00:00,511.4695129394531,6.1390299797058105,11.270484924316406,7.574193000793457,4.948856830596924
2024-11-23 00:00:00+00:00,522.4923095703125,6.194852828979492,11.402037620544434,7.674668788909912,5.378219127655029
2024-11-24 00:00:00+00:00,526.2766723632812,6.881175994873047,11.64759635925293,8.047611236572266,5.7165608406066895
2024-11-25 00:00:00+00:00,546.3444213867188,6.459236145019531,11.51687240600586,7.506163120269775,5.461270809173584
2024-11-26 00:00:00+00:00,559.6972045898438,6.537659168243408,11.140751838684082,7.434815883636475,5.433981895446777
2024-11-27 00:00:00+00:00,561.4654541015625,6.828429222106934,11.704014778137207,7.9224162101745605,5.816755771636963
2024-11-28 00:00:00+00:00,595.2722778320312,7.037653923034668,11.560898780822754,8.561774253845215,5.818788051605225
2024-11-29 00:00:00+00:00,617.6272583007812,6.968207836151123,12.055877685546875,8.750978469848633,6.150688171386719
2024-11-30 00:00:00+00:00,678.0213623046875,7.005805015563965,12.456442832946777,8.8826322555542,7.09623908996582
2024-12-01 00:00:00+00:00,635.993896484375,6.91849422454834,12.852599143981934,8.7192964553833,6.8878397941589355
2024-12-02 00:00:00+00:00,606.7183837890625,7.426878929138184,13.762858390808105,8.73027229309082,7.266289234161377
2024-12-03 00:00:00+00:00,622.987060546875,7.392641067504883,14.682781219482422,8.935152053833008,7.343502044677734
2024-12-04 00:00:00+00:00,655.6654663085938,7.467103958129883,14.693050384521484,8.67949390411377,8.084601402282715
2024-12-05 00:00:00+00:00,678.9902954101562,7.644489765167236,14.294354438781738,9.95798110961914,7.741178035736084
2024-12-06 00:00:00+00:00,706.4402465820312,8.028539657592773,15.26980209350586,10.479125022888184,8.099228858947754
2024-12-07 00:00:00+00:00,698.740966796875,7.7453179359436035,14.698287010192871,10.286931991577148,7.835326194763184
2024-12-08 00:00:00+00:00,706.51708984375,7.800045013427734,14.559106826782227,10.281693458557129,7.886321067810059
2024-12-09 00:00:00+00:00,600.7940063476562,6.531264781951904,11.980742454528809,8.954124450683594,6.291740894317627
2024-12-10 00:00:00+00:00,576.2926025390625,6.435824871063232,11.80611801147461,8.746138572692871,6.210722923278809
2024-12-11 00:00:00+00:00,601.3182373046875,6.8547282218933105,13.168057441711426,9.61807632446289,6.689188003540039
2024-12-12 00:00:00+00:00,577.4485473632812,6.912145137786865,13.661508560180664,9.495582580566406,6.734890937805176
2024-12-13 00:00:00+00:00,578.232421875,6.929051876068115,13.472613334655762,9.416010856628418,6.751555919647217
2024-12-14 00:00:00+00:00,560.3893432617188,6.681772232055664,12.865774154663086,9.07348918914795,6.43473482131958
2024-12-15 00:00:00+00:00,573.2230224609375,6.8587799072265625,13.172595977783203,9.311624526977539,6.718183994293213
2024-12-16 00:00:00+00:00,541.4239501953125,6.619996070861816,12.691155433654785,8.90985107421875,6.537571907043457
2024-12-17 00:00:00+00:00,517.9053955078125,6.375511169433594,12.060361862182617,8.519079208374023,6.276083946228027
2024-12-18 00:00:00+00:00,500.8126525878906,5.693435192108154,11.089397430419922,7.779531955718994,5.652134895324707
2024-12-19 00:00:00+00:00,448.3797912597656,5.212406158447266,10.1560697555542,7.258526802062988,5.0979790687561035
2024-12-20 00:00:00+00:00,472.9166259765625,5.350356101989746,10.544474601745605,7.370978832244873,5.206638813018799
2024-12-21 00:00:00+00:00,455.6404113769531,5.019481182098389,10.052518844604492,7.106407165527344,4.920691013336182
2024-12-22 00:00:00+00:00,449.6907958984375,5.032057762145996,9.909358978271484,7.023865222930908,4.827970027923584
2024-12-23 00:00:00+00:00,484.147216796875,5.428913116455078,10.749892234802246,7.632379055023193,5.182656764984131
2024-12-24 00:00:00+00:00,503.42474365234375,5.551753044128418,11.301948547363281,7.820631980895996,5.462741851806641
2024-12-25 00:00:00+00:00,499.684814453125,5.441877841949463,11.161752700805664,7.55012321472168,5.290581226348877
2024-12-26 00:00:00+00:00,473.7489929199219,5.082489967346191,10.286520957946777,7.105882167816162,4.969631195068359
2024-12-27 00:00:00+00:00,467.3891906738281,5.104263782501221,10.204242706298828,6.988337993621826,4.94097900390625
2024-12-28 00:00:00+00:00,471.160888671875,5.3288960456848145,10.644672393798828,7.141353130340576,5.204506874084473
2024-12-29 00:00:00+00:00,458.7438659667969,5.126215934753418,10.144951820373535,6.838375091552734,4.95213508605957
2024-12-30 00:00:00+00:00,450.8887634277344,5.036080837249756,10.025815963745117,6.830953121185303,4.926996231079102
2024-12-31 00:00:00+00:00,440.7104797363281,4.902723789215088,9.864920616149902,6.7825798988342285,4.942647933959961
2025-01-01 00:00:00+00:00,488.4652099609375,5.276052951812744,10.489413261413574,7.1713151931762695,5.108605861663818
2025-01-02 00:00:00+00:00,521.65673828125,5.435338973999023,10.671794891357422,7.624701023101807,5.305609226226807
2025-01-03 00:00:00+00:00,550.9837646484375,5.810998916625977,12.368636131286621,8.049793243408203,5.660406112670898
2025-01-04 00:00:00+00:00,560.515869140625,5.7923431396484375,12.301822662353516,8.06260871887207,5.640690803527832
2025-01-05 00:00:00+00:00,562.9188232421875,5.903985977172852,12.115070343017578,8.291719436645508,5.919938087463379
2025-01-06 00:00:00+00:00,555.9808959960938,6.016962051391602,12.177124977111816,8.888936042785645,5.985165119171143
2025-01-07 00:00:00+00:00,499.0671691894531,5.368399143218994,11.02645206451416,8.12135124206543,5.350452899932861
2025-01-08 00:00:00+00:00,467.531005859375,5.157043933868408,10.85885238647461,7.567689895629883,5.118255138397217
2025-01-09 00:00:00+00:00,432.2257385253906,4.975574970245361,10.114784240722656,7.028116226196289,5.05076789855957
2025-01-10 00:00:00+00:00,439.1084899902344,5.085244178771973,10.338568687438965,7.291335105895996,5.215826988220215
2025-01-11 00:00:00+00:00,445.50677490234375,5.083042144775391,10.472542762756348,7.346717834472656,5.2012248039245605
2025-01-12 00:00:00+00:00,443.5755310058594,4.969961166381836,10.23379135131836,7.1163787841796875,5.0897979736328125
2025-01-13 00:00:00+00:00,420.9810485839844,4.754609107971191,9.78522777557373,6.96994686126709,4.921250820159912
2025-01-14 00:00:00+00:00,416.0262145996094,5.0469841957092285,10.242833137512207,7.021797180175781,5.2127299308776855
2025-01-15 00:00:00+00:00,458.7264404296875,5.312411785125732,11.02816390991211,7.668661117553711,5.655269145965576
2025-01-16 00:00:00+00:00,445.6999206542969,5.159666061401367,10.822026252746582,7.433741092681885,5.607173919677734
2025-01-17 00:00:00+00:00,485.3808288574219,5.754319190979004,11.363189697265625,7.991755962371826,5.838932037353516
2025-01-18 00:00:00+00:00,457.5348205566406,5.445093154907227,10.634413719177246,7.474522113800049,5.450079917907715
2025-01-19 00:00:00+00:00,425.0844421386719,4.969673156738281,9.86599063873291,6.6771440505981445,4.969770908355713
2025-01-20 00:00:00+00:00,407.0540771484375,5.0975661277771,9.800163269042969,6.734235763549805,5.098254203796387
2025-01-21 00:00:00+00:00,425.8191223144531,5.248363018035889,9.863609313964844,7.237602233886719,5.253145217895508
2025-01-22 00:00:00+00:00,399.5097351074219,5.090702056884766,9.093289375305176,7.034055233001709,4.993135929107666
2025-01-23 00:00:00+00:00,380.0426025390625,4.984886169433594,9.235116004943848,7.055903911590576,5.061458110809326
2025-01-24 00:00:00+00:00,371.91595458984375,4.993552207946777,9.038541793823242,6.879195213317871,5.010331153869629
2025-01-25 00:00:00+00:00,407.6597900390625,4.926699161529541,9.203215599060059,6.964898109436035,4.979194164276123
2025-01-26 00:00:00+00:00,433.869140625,4.763298034667969,8.825607299804688,6.743256092071533,4.865904808044434
2025-01-27 00:00:00+00:00,445.9002685546875,4.633190155029297,8.888907432556152,6.216090202331543,4.654558181762695
2025-01-28 00:00:00+00:00,451.3709716796875,4.28914213180542,8.553874015808105,5.547872066497803,4.391891956329346
2025-01-29 00:00:00+00:00,448.4766845703125,4.413279056549072,8.57230281829834,5.481173992156982,4.5115838050842285
2025-01-30 00:00:00+00:00,452.7958068847656,4.606001853942871,9.137008666992188,5.878539085388184,4.808488845825195
2025-01-31 00:00:00+00:00,448.70172119140625,4.617603778839111,9.279833793640137,5.8476080894470215,4.8073577880859375
2025-02-01 00:00:00+00:00,393.66790771484375,4.271040916442871,8.510507583618164,5.3967390060424805,4.383284091949463
2025-02-02 00:00:00+00:00,351.0259704589844,3.752584934234619,7.485926151275635,4.683606147766113,3.5999550819396973
2025-02-03 00:00:00+00:00,399.7158203125,3.7779200077056885,7.642873764038086,5.0507001876831055,3.50911808013916
2025-02-04 00:00:00+00:00,358.75665283203125,3.403398036956787,7.04337215423584,4.626544952392578,3.344295024871826
2025-02-05 00:00:00+00:00,350.0671081542969,3.279758930206299,6.992639064788818,4.4633049964904785,3.241476058959961
2025-02-06 00:00:00+00:00,326.2729187011719,3.147468090057373,6.713277816772461,4.194437026977539,3.12044095993042
2025-02-07 00:00:00+00:00,320.0634765625,3.2034449577331543,6.786858081817627,4.136642932891846,3.185631036758423
2025-02-08 00:00:00+00:00,351.4171142578125,3.2874319553375244,7.018104076385498,4.264888763427734,3.3096799850463867
2025-02-09 00:00:00+00:00,365.1658020019531,3.1885058879852295,6.963868141174316,4.250107765197754,3.316422939300537
2025-02-10 00:00:00+00:00,386.7262268066406,3.2043230533599854,7.00635290145874,4.453908920288086,3.425568103790283
2025-02-11 00:00:00+00:00,412.2387390136719,3.202306032180786,7.091152191162109,4.454784870147705,3.3378000259399414
2025-02-12 00:00:00+00:00,402.3092041015625,3.426985025405884,7.396535873413086,4.632019996643066,3.476861000061035
2025-02-13 00:00:00+00:00,382.8790283203125,3.374660015106201,7.130299091339111,4.50323486328125,3.403043031692505
2025-02-14 00:00:00+00:00,391.5728759765625,3.550295114517212,7.247389793395996,4.733081817626953,3.531691074371338
2025-02-15 00:00:00+00:00,375.2457275390625,3.4057860374450684,7.1042561531066895,4.574921131134033,3.4168620109558105
2025-02-16 00:00:00+00:00,360.3490905761719,3.4191460609436035,6.995984077453613,4.476131916046143,3.400501012802124
2025-02-17 00:00:00+00:00,360.660888671875,3.257340908050537,7.053553104400635,4.377841949462891,3.430551052093506
2025-02-18 00:00:00+00:00,375.8321533203125,3.131432056427002,6.7487077713012695,4.171735763549805,3.2236390113830566
2025-02-19 00:00:00+00:00,419.0503234863281,3.1584019660949707,6.873428821563721,4.244668960571289,3.3252649307250977
2025-02-20 00:00:00+00:00,464.4254455566406,3.4690370559692383,7.149032115936279,4.444429874420166,3.5004429817199707
2025-02-21 00:00:00+00:00,443.35687255859375,3.3065459728240967,6.952438831329346,4.16653299331665,3.3153200149536133
2025-02-22 00:00:00+00:00,433.28729248046875,3.4700510501861572,7.193799018859863,4.269423007965088,3.4328880310058594
2025-02-23 00:00:00+00:00,432.8336486816406,3.4276840686798096,7.064761161804199,4.163394927978516,3.4151699542999268
2025-02-24 00:00:00+00:00,397.0476989746094,3.058819055557251,6.394964218139648,3.6320130825042725,3.0167019367218018
2025-02-25 00:00:00+00:00,379.54583740234375,3.005431890487671,6.333115100860596,3.660634994506836,3.13874888420105
2025-02-26 00:00:00+00:00,350.4692077636719,3.0103440284729004,6.371945858001709,3.751210927963257,3.172868013381958
2025-02-27 00:00:00+00:00,329.6806945800781,3.0554189682006836,6.664259910583496,3.7316091060638428,3.2585299015045166
2025-02-28 00:00:00+00:00,326.23797607421875,3.065737009048462,6.513284206390381,3.818617105484009,3.2454071044921875
2025-03-01 00:00:00+00:00,336.3767395019531,3.268012046813965,6.579336166381836,3.8025341033935547,3.2401769161224365
2025-03-02 00:00:00+00:00,353.0314636230469,3.5499188899993896,7.2255449295043945,4.422636032104492,3.560312032699585
2025-03-03 00:00:00+00:00,296.2226257324219,2.971076011657715,6.169600963592529,3.719352960586548,3.0682220458984375
2025-03-04 00:00:00+00:00,287.56634521484375,2.8135690689086914,6.030333995819092,3.5345919132232666,3.018852949142456
2025-03-05 00:00:00+00:00,299.8564453125,2.993669033050537,6.374434947967529,3.726871967315674,3.1356420516967773
2025-03-06 00:00:00+00:00,287.70196533203125,3.0574231147766113,6.203886032104492,3.8127310276031494,3.0906569957733154
2025-03-07 00:00:00+00:00,275.33856201171875,2.9380838871002197,6.0653581619262695,3.5842909812927246,3.1108620166778564
2025-03-08 00:00:00+00:00,275.8039855957031,2.8810880184173584,5.950870037078857,3.491429090499878,3.1042590141296387
2025-03-09 00:00:00+00:00,243.49688720703125,2.549098014831543,5.419508934020996,3.0257649421691895,2.7827579975128174
2025-03-10 00:00:00+00:00,225.47816467285156,2.288585901260376,5.09422492980957,2.7394609451293945,2.6512889862060547
2025-03-11 00:00:00+00:00,259.6500244140625,2.4453349113464355,5.407156944274902,2.9509809017181396,2.735822916030884
2025-03-12 00:00:00+00:00,259.539306640625,2.5494799613952637,5.486714839935303,3.078972101211548,2.7920589447021484
2025-03-13 00:00:00+00:00,238.0802001953125,2.570362091064453,5.450316905975342,2.9606690406799316,2.746407985687256
2025-03-14 00:00:00+00:00,256.1918640136719,2.6060240268707275,5.662604808807373,3.1578729152679443,2.8854761123657227
2025-03-15 00:00:00+00:00,258.74774169921875,2.644037961959839,5.830063819885254,3.2610061168670654,2.9511210918426514
2025-03-16 00:00:00+00:00,241.02206420898438,2.5182039737701416,5.567418098449707,3.111829996109009,2.8362739086151123
2025-03-17 00:00:00+00:00,254.78515625,2.6393120288848877,5.899608135223389,3.226689100265503,3.027966022491455
2025-03-18 00:00:00+00:00,247.11883544921875,2.5862200260162354,5.81321907043457,3.234977960586548,2.9235150814056396
2025-03-19 00:00:00+00:00,262.9739990234375,2.7910380363464355,5.989767074584961,3.428041934967041,3.0896201133728027
2025-03-20 00:00:00+00:00,251.47531127929688,2.7366089820861816,5.740201950073242,3.322504997253418,3.0444939136505127
2025-03-21 00:00:00+00:00,247.18856811523438,2.7120161056518555,5.650586128234863,3.2096381187438965,2.9156789779663086
2025-03-22 00:00:00+00:00,247.6036376953125,2.7276859283447266,5.749549865722656,3.316490888595581,2.9881629943847656
2025-03-23 00:00:00+00:00,256.6683349609375,2.7741498947143555,5.833902835845947,3.4585320949554443,3.0237998962402344
2025-03-24 00:00:00+00:00,269.2665710449219,2.9168639183044434,6.040826797485352,3.7834360599517822,3.1255600452423096
2025-03-25 00:00:00+00:00,270.2687072753906,3.0277159214019775,6.201176166534424,4.041959762573242,3.132456064224243
2025-03-26 00:00:00+00:00,260.9048767089844,2.985595941543579,6.077692031860352,3.920701026916504,3.0253679752349854
2025-03-27 00:00:00+00:00,269.24639892578125,3.0104730129241943,6.092867851257324,3.9213309288024902,3.0195178985595703
2025-03-28 00:00:00+00:00,244.6483612060547,2.7331271171569824,5.594594955444336,3.7255449295043945,2.8257250785827637
2025-03-29 00:00:00+00:00,231.6197509765625,2.565509080886841,5.350858211517334,3.50368595123291,2.7468578815460205
2025-03-30 00:00:00+00:00,226.65989685058594,2.589138984680176,5.2685770988464355,3.4114179611206055,2.7508199214935303
2025-03-31 00:00:00+00:00,223.82806396484375,2.5131170749664307,5.314889907836914,3.4066529273986816,2.7798221111297607
2025-04-01 00:00:00+00:00,231.9521484375,2.648482084274292,5.42114782333374,3.6968560218811035,2.8383400440216064
2025-04-02 00:00:00+00:00,212.5752716064453,2.4536728858947754,5.019434928894043,3.31954288482666,2.7046029567718506
2025-04-03 00:00:00+00:00,215.10076904296875,2.5051369667053223,5.136180877685547,3.2910449504852295,2.7286789417266846
2025-04-04 00:00:00+00:00,220.71446228027344,2.5060460567474365,5.056107044219971,3.230916976928711,2.7659730911254883
2025-04-05 00:00:00+00:00,220.1080780029297,2.4426050186157227,5.05299711227417,3.166908025741577,2.6992950439453125
2025-04-06 00:00:00+00:00,183.45892333984375,2.157602071762085,4.570930004119873,2.777333974838257,2.372648000717163
2025-04-07 00:00:00+00:00,204.2889862060547,2.1203839778900146,4.632116794586182,2.961071014404297,2.370742082595825
2025-04-08 00:00:00+00:00,195.14312744140625,1.9073100090026855,4.618889808654785,2.8209168910980225,2.2618229389190674
2025-04-09 00:00:00+00:00,230.45162963867188,2.100461959838867,4.984461784362793,3.3809518814086914,2.472104072570801
2025-04-10 00:00:00+00:00,231.0870819091797,2.004837989807129,4.809158802032471,3.461996078491211,2.348525047302246
2025-04-11 00:00:00+00:00,250.53097534179688,2.0890049934387207,5.043117046356201,3.7209110260009766,2.4568850994110107
2025-04-12 00:00:00+00:00,254.0077667236328,2.212127923965454,5.230154037475586,3.9538869857788086,2.5620949268341064
2025-04-13 00:00:00+00:00,240.2902069091797,2.097104072570801,5.003706932067871,3.7695059776306152,2.4928829669952393
2025-04-14 00:00:00+00:00,236.58999633789062,2.1113600730895996,4.876613140106201,3.9312360286712646,2.5288500785827637
2025-04-15 00:00:00+00:00,231.0006866455078,2.0378589630126953,4.756111145019531,3.725454092025757,2.4150989055633545
2025-04-16 00:00:00+00:00,230.939208984375,1.9657540321350098,4.647499084472656,3.637026071548462,2.3876869678497314
2025-04-17 00:00:00+00:00,248.15914916992188,2.0483438968658447,4.708898067474365,4.01547908782959,2.3801419734954834
2025-04-18 00:00:00+00:00,273.80615234375,2.0558390617370605,4.747209072113037,3.8970019817352295,2.452444076538086
2025-04-19 00:00:00+00:00,290.5348815917969,2.1804139614105225,4.917850017547607,4.223362922668457,2.638214111328125
2025-04-20 00:00:00+00:00,316.0490417480469,2.243911027908325,4.875729084014893,4.347519874572754,2.648184061050415
2025-04-21 00:00:00+00:00,314.7460632324219,2.21710205078125,4.772803783416748,4.3845391273498535,2.610783100128174
2025-04-22 00:00:00+00:00,338.1604309082031,2.4019739627838135,5.09669303894043,4.508058071136475,2.7148020267486572
2025-04-23 00:00:00+00:00,336.7492370605469,2.470196008682251,5.174227237701416,4.4802632331848145,2.7911410331726074
2025-04-24 00:00:00+00:00,357.94207763671875,2.5395619869232178,5.193991184234619,4.486739158630371,2.8546791076660156
2025-04-25 00:00:00+00:00,354.73052978515625,2.61578106880188,5.290665149688721,4.418859958648682,2.8618879318237305
2025-04-26 00:00:00+00:00,349.3710632324219,2.625602960586548,5.2671709060668945,4.506401062011719,2.8654489517211914
2025-04-27 00:00:00+00:00,361.66717529296875,2.491748094558716,5.043152809143066,4.264540195465088,2.709990978240967
2025-04-28 00:00:00+00:00,378.243408203125,2.5875699520111084,5.101930141448975,4.4561028480529785,2.7665460109710693
2025-04-29 00:00:00+00:00,366.2646789550781,2.5301289558410645,4.895780086517334,4.442968845367432,2.7425100803375244
2025-04-30 00:00:00+00:00,354.5240478515625,2.463299036026001,4.91653299331665,4.461420059204102,2.7679378986358643
2025-05-01 00:00:00+00:00,358.02685546875,2.540623903274536,4.943953037261963,4.626280784606934,2.8391120433807373
2025-05-02 00:00:00+00:00,375.2348327636719,2.5107080936431885,4.987855911254883,4.849475860595703,2.8023979663848877
2025-05-03 00:00:00+00:00,353.65557861328125,2.4244680404663086,4.72676420211792,4.584856986999512,2.650067090988159
2025-05-04 00:00:00+00:00,344.18377685546875,2.322834014892578,4.605158805847168,4.301232814788818,2.63162899017334
2025-05-05 00:00:00+00:00,375.0552062988281,2.315998077392578,4.605957984924316,4.377800941467285,2.6142120361328125
2025-05-06 00:00:00+00:00,373.6144714355469,2.32607102394104,4.62899112701416,4.312249183654785,2.5880680084228516
2025-05-07 00:00:00+00:00,362.09979248046875,2.262302875518799,4.552433013916016,4.166612148284912,2.561481475830078
