Date,Dogecoin,Shiba Inu,Floki,Oficial Trump,Bonk
2023-04-21 00:00:00+00:00,0.07847899943590164,9.999999747378752e-06,2.8000000384054147e-05,0.000590000010561198,9.999999974752427e-07
2023-04-22 00:00:00+00:00,0.08037500083446503,9.999999747378752e-06,2.9999999242136255e-05,0.0007190000033006072,9.999999974752427e-07
2023-04-23 00:00:00+00:00,0.07881999760866165,9.999999747378752e-06,2.9000000722589903e-05,0.0006580000044777989,9.999999974752427e-07
2023-04-24 00:00:00+00:00,0.07878399640321732,9.999999747378752e-06,4.5000000682193786e-05,0.0006389999762177467,9.999999974752427e-07
2023-04-25 00:00:00+00:00,0.07984700053930283,9.999999747378752e-06,3.7000001611886546e-05,0.0006019999855197966,9.999999974752427e-07
2023-04-26 00:00:00+00:00,0.07862299680709839,9.999999747378752e-06,3.7000001611886546e-05,0.0005750000127591193,9.999999974752427e-07
2023-04-27 00:00:00+00:00,0.08019000291824341,9.999999747378752e-06,3.7000001611886546e-05,0.0004959999932907522,9.999999974752427e-07
2023-04-28 00:00:00+00:00,0.08036399632692337,9.999999747378752e-06,3.600000127335079e-05,0.0005699999746866524,9.999999974752427e-07
2023-04-29 00:00:00+00:00,0.08162999898195267,9.999999747378752e-06,3.5000000934815034e-05,0.0005510000046342611,9.999999974752427e-07
2023-04-30 00:00:00+00:00,0.07976900041103363,9.999999747378752e-06,3.400000059627928e-05,0.0005200000014156103,9.999999974752427e-07
2023-05-01 00:00:00+00:00,0.07881999760866165,9.999999747378752e-06,3.199999991920777e-05,0.0005699999746866524,9.999999974752427e-07
2023-05-02 00:00:00+00:00,0.07880599796772003,9.999999747378752e-06,3.199999991920777e-05,0.0005039999959990382,9.999999974752427e-07
2023-05-03 00:00:00+00:00,0.07971300184726715,9.999999747378752e-06,3.300000025774352e-05,0.0005890000029467046,9.999999974752427e-07
2023-05-04 00:00:00+00:00,0.07844900339841843,9.999999747378752e-06,3.199999991920777e-05,0.0005559999844990671,9.999999974752427e-07
2023-05-05 00:00:00+00:00,0.08038999885320663,9.999999747378752e-06,4.8000001697801054e-05,0.0005530000198632479,9.999999974752427e-07
2023-05-06 00:00:00+00:00,0.07699800282716751,9.000000318337698e-06,3.9999998989515007e-05,0.00039900001138448715,0.0
2023-05-07 00:00:00+00:00,0.07671000063419342,9.000000318337698e-06,3.9999998989515007e-05,0.00041000000783242285,9.999999974752427e-07
2023-05-08 00:00:00+00:00,0.07247299700975418,9.000000318337698e-06,3.400000059627928e-05,0.00037900000461377203,0.0
2023-05-09 00:00:00+00:00,0.0731389969587326,9.000000318337698e-06,3.600000127335079e-05,0.0005089999758638442,0.0
2023-05-10 00:00:00+00:00,0.07322599738836288,9.000000318337698e-06,3.7999998312443495e-05,0.0004729999927803874,0.0
2023-05-11 00:00:00+00:00,0.07208500057458878,9.000000318337698e-06,3.5000000934815034e-05,0.00041000000783242285,0.0
2023-05-12 00:00:00+00:00,0.07245899736881256,9.000000318337698e-06,3.600000127335079e-05,0.00039999998989515007,0.0
2023-05-13 00:00:00+00:00,0.07177700102329254,9.000000318337698e-06,3.600000127335079e-05,0.00039900001138448715,0.0
2023-05-14 00:00:00+00:00,0.07198599725961685,9.000000318337698e-06,3.600000127335079e-05,0.00039900001138448715,0.0
2023-05-15 00:00:00+00:00,0.07204599678516388,9.000000318337698e-06,3.5000000934815034e-05,0.00042799999937415123,0.0
2023-05-16 00:00:00+00:00,0.07272899895906448,9.000000318337698e-06,3.400000059627928e-05,0.0004220000118948519,0.0
2023-05-17 00:00:00+00:00,0.07491099834442139,9.000000318337698e-06,3.400000059627928e-05,0.00042100000428035855,0.0
2023-05-18 00:00:00+00:00,0.07354599982500076,9.000000318337698e-06,3.300000025774352e-05,0.0004220000118948519,0.0
2023-05-19 00:00:00+00:00,0.07352700084447861,9.000000318337698e-06,3.300000025774352e-05,0.000526999996509403,0.0
2023-05-20 00:00:00+00:00,0.07366999983787537,9.000000318337698e-06,3.300000025774352e-05,0.00046099998871795833,0.0
2023-05-21 00:00:00+00:00,0.07214199751615524,9.000000318337698e-06,3.099999958067201e-05,0.00041599999531172216,0.0
2023-05-22 00:00:00+00:00,0.07299800217151642,9.000000318337698e-06,3.099999958067201e-05,0.0004140000091865659,0.0
2023-05-23 00:00:00+00:00,0.07286400347948074,9.000000318337698e-06,3.199999991920777e-05,0.00042299999040551484,0.0
2023-05-24 00:00:00+00:00,0.07073500007390976,9.000000318337698e-06,3.099999958067201e-05,0.00039900001138448715,0.0
2023-05-25 00:00:00+00:00,0.07087499648332596,9.000000318337698e-06,3.099999958067201e-05,0.0004130000015720725,0.0
2023-05-26 00:00:00+00:00,0.07098399847745895,9.000000318337698e-06,3.099999958067201e-05,0.00044299999717622995,0.0
2023-05-27 00:00:00+00:00,0.07268299907445908,9.000000318337698e-06,3.300000025774352e-05,0.0005099999834783375,9.999999974752427e-07
2023-05-28 00:00:00+00:00,0.0736130028963089,9.000000318337698e-06,3.5000000934815034e-05,0.0004450000124052167,9.999999974752427e-07
2023-05-29 00:00:00+00:00,0.07318499684333801,9.000000318337698e-06,3.300000025774352e-05,0.0006960000027902424,9.999999974752427e-07
2023-05-30 00:00:00+00:00,0.07236099988222122,9.000000318337698e-06,3.300000025774352e-05,0.0009330000029876828,9.999999974752427e-07
2023-05-31 00:00:00+00:00,0.07165999710559845,9.000000318337698e-06,3.099999958067201e-05,0.0008239999879151583,9.999999974752427e-07
2023-06-01 00:00:00+00:00,0.07149200141429901,7.999999979801942e-06,3.099999958067201e-05,0.0009919999865815043,0.0
2023-06-02 00:00:00+00:00,0.07261200249195099,9.000000318337698e-06,3.199999991920777e-05,0.0010450000409036875,0.0
2023-06-03 00:00:00+00:00,0.07267100363969803,9.000000318337698e-06,3.199999991920777e-05,0.0010010000551119447,0.0
2023-06-04 00:00:00+00:00,0.0724710002541542,9.000000318337698e-06,3.099999958067201e-05,0.000994000001810491,0.0
2023-06-05 00:00:00+00:00,0.06657300144433975,7.999999979801942e-06,2.8000000384054147e-05,0.0009629999985918403,0.0
2023-06-06 00:00:00+00:00,0.07037299871444702,7.999999979801942e-06,2.9000000722589903e-05,0.001006999984383583,0.0
2023-06-07 00:00:00+00:00,0.06729999929666519,7.999999979801942e-06,2.700000004551839e-05,0.00107999995816499,0.0
2023-06-08 00:00:00+00:00,0.06796599924564362,7.999999979801942e-06,2.700000004551839e-05,0.002019000006839633,0.0
2023-06-09 00:00:00+00:00,0.0694890022277832,7.999999979801942e-06,2.700000004551839e-05,0.001563000027090311,0.0
2023-06-10 00:00:00+00:00,0.06185999885201454,7.000000096013537e-06,2.099999983329326e-05,0.001319000031799078,0.0
2023-06-11 00:00:00+00:00,0.06158699840307236,7.000000096013537e-06,2.099999983329326e-05,0.0016570000443607569,0.0
2023-06-12 00:00:00+00:00,0.061459001153707504,7.000000096013537e-06,2.2000000171829015e-05,0.0017819999484345317,0.0
2023-06-13 00:00:00+00:00,0.061723001301288605,7.000000096013537e-06,2.2000000171829015e-05,0.001129999989643693,0.0
2023-06-14 00:00:00+00:00,0.06038700044155121,7.000000096013537e-06,2.099999983329326e-05,0.0009590000263415277,0.0
2023-06-15 00:00:00+00:00,0.06150300055742264,7.000000096013537e-06,2.099999983329326e-05,0.0009360000258311629,0.0
2023-06-16 00:00:00+00:00,0.062102001160383224,7.000000096013537e-06,2.2000000171829015e-05,0.0008689999813213944,0.0
2023-06-17 00:00:00+00:00,0.062217000871896744,7.000000096013537e-06,2.2000000171829015e-05,0.0008140000281855464,0.0
2023-06-18 00:00:00+00:00,0.06216700002551079,7.000000096013537e-06,2.2000000171829015e-05,0.0006500000017695129,0.0
2023-06-19 00:00:00+00:00,0.06234100088477135,7.000000096013537e-06,2.2000000171829015e-05,0.0006830000202171504,0.0
2023-06-20 00:00:00+00:00,0.06304500252008438,7.000000096013537e-06,2.300000051036477e-05,0.0007140000234358013,0.0
2023-06-21 00:00:00+00:00,0.06570400297641754,7.999999979801942e-06,2.5999999706982635e-05,0.0007070000283420086,0.0
2023-06-22 00:00:00+00:00,0.06564299762248993,7.999999979801942e-06,2.5999999706982635e-05,0.0006580000044777989,0.0
2023-06-23 00:00:00+00:00,0.06817399710416794,7.999999979801942e-06,2.700000004551839e-05,0.0007099999929778278,0.0
2023-06-24 00:00:00+00:00,0.06674200296401978,7.999999979801942e-06,2.700000004551839e-05,0.0006960000027902424,0.0
2023-06-25 00:00:00+00:00,0.0667639970779419,7.999999979801942e-06,2.700000004551839e-05,0.0007040000054985285,0.0
2023-06-26 00:00:00+00:00,0.06474900245666504,7.999999979801942e-06,2.5999999706982635e-05,0.0006549999816343188,0.0
2023-06-27 00:00:00+00:00,0.06554500013589859,7.999999979801942e-06,2.5999999706982635e-05,0.0006440000142902136,0.0
2023-06-28 00:00:00+00:00,0.06260199844837189,7.000000096013537e-06,2.4000000848900527e-05,0.0005660000024363399,0.0
2023-06-29 00:00:00+00:00,0.06340699642896652,7.000000096013537e-06,2.4000000848900527e-05,0.0006649999995715916,0.0
2023-06-30 00:00:00+00:00,0.06647899746894836,7.999999979801942e-06,2.9000000722589903e-05,0.0006040000007487833,0.0
2023-07-01 00:00:00+00:00,0.06847800314426422,7.999999979801942e-06,2.8000000384054147e-05,0.0006370000191964209,0.0
2023-07-02 00:00:00+00:00,0.06803800165653229,7.999999979801942e-06,2.700000004551839e-05,0.0006130000110715628,0.0
2023-07-03 00:00:00+00:00,0.06835299730300903,7.999999979801942e-06,2.8000000384054147e-05,0.0006539999740198255,0.0
2023-07-04 00:00:00+00:00,0.06894099712371826,7.999999979801942e-06,2.700000004551839e-05,0.0005649999948218465,0.0
2023-07-05 00:00:00+00:00,0.06703300029039383,7.000000096013537e-06,2.499999936844688e-05,0.0005569999921135604,0.0
2023-07-06 00:00:00+00:00,0.06502600014209747,7.000000096013537e-06,2.499999936844688e-05,0.0005039999959990382,0.0
2023-07-07 00:00:00+00:00,0.06542500108480453,7.000000096013537e-06,2.499999936844688e-05,0.0005070000188425183,0.0
2023-07-08 00:00:00+00:00,0.06576099991798401,7.999999979801942e-06,2.499999936844688e-05,0.00045900000259280205,0.0
2023-07-09 00:00:00+00:00,0.0654349997639656,7.999999979801942e-06,2.499999936844688e-05,0.0005559999844990671,0.0
2023-07-10 00:00:00+00:00,0.06524299830198288,7.999999979801942e-06,2.499999936844688e-05,0.0005559999844990671,0.0
2023-07-11 00:00:00+00:00,0.06528700143098831,7.999999979801942e-06,2.499999936844688e-05,0.0004600000102072954,0.0
2023-07-12 00:00:00+00:00,0.0650710016489029,7.999999979801942e-06,2.499999936844688e-05,0.00042799999937415123,0.0
2023-07-13 00:00:00+00:00,0.0705069974064827,7.999999979801942e-06,2.700000004551839e-05,0.000534999999217689,0.0
2023-07-14 00:00:00+00:00,0.06852900236845016,7.999999979801942e-06,2.5999999706982635e-05,0.0005319999763742089,0.0
2023-07-15 00:00:00+00:00,0.07192700356245041,7.999999979801942e-06,2.5999999706982635e-05,0.0005499999970197678,0.0
2023-07-16 00:00:00+00:00,0.06955400109291077,7.999999979801942e-06,2.499999936844688e-05,0.0004990000161342323,0.0
2023-07-17 00:00:00+00:00,0.06990499794483185,7.999999979801942e-06,2.499999936844688e-05,0.0004839999892283231,0.0
2023-07-18 00:00:00+00:00,0.06858299672603607,7.999999979801942e-06,2.4000000848900527e-05,0.000653000024612993,0.0
2023-07-19 00:00:00+00:00,0.07015900313854218,7.999999979801942e-06,2.4000000848900527e-05,0.0006520000169984996,0.0
2023-07-20 00:00:00+00:00,0.07051599770784378,7.999999979801942e-06,2.4000000848900527e-05,0.0005200000014156103,0.0
2023-07-21 00:00:00+00:00,0.073294997215271,7.999999979801942e-06,2.4000000848900527e-05,0.0005419999943114817,0.0
2023-07-22 00:00:00+00:00,0.07043299823999405,7.999999979801942e-06,2.4000000848900527e-05,0.0005109999910928309,0.0
2023-07-23 00:00:00+00:00,0.0718189999461174,7.999999979801942e-06,2.4000000848900527e-05,0.0005130000063218176,0.0
2023-07-24 00:00:00+00:00,0.07426799833774567,7.999999979801942e-06,2.2000000171829015e-05,0.00043399998685345054,0.0
2023-07-25 00:00:00+00:00,0.0818450003862381,7.999999979801942e-06,2.300000051036477e-05,0.0004670000053010881,0.0
2023-07-26 00:00:00+00:00,0.07795800268650055,7.999999979801942e-06,2.2000000171829015e-05,0.00047599998652003706,0.0
2023-07-27 00:00:00+00:00,0.07756199687719345,7.999999979801942e-06,2.2000000171829015e-05,0.00037200000951997936,0.0
2023-07-28 00:00:00+00:00,0.07732100039720535,7.999999979801942e-06,2.2000000171829015e-05,0.0004939999780617654,0.0
2023-07-29 00:00:00+00:00,0.08018799871206284,9.000000318337698e-06,2.300000051036477e-05,0.0004490000137593597,0.0
2023-07-30 00:00:00+00:00,0.07806099951267242,7.999999979801942e-06,2.2000000171829015e-05,0.00020799999765586108,0.0
2023-07-31 00:00:00+00:00,0.07781799882650375,7.999999979801942e-06,2.2000000171829015e-05,0.0001539999939268455,0.0
2023-08-01 00:00:00+00:00,0.07804200053215027,7.999999979801942e-06,2.300000051036477e-05,0.000666000007186085,0.0
2023-08-02 00:00:00+00:00,0.07421299815177917,7.999999979801942e-06,2.2000000171829015e-05,0.0007479999912902713,0.0
2023-08-03 00:00:00+00:00,0.07361499965190887,7.999999979801942e-06,2.2000000171829015e-05,0.0006200000061653554,0.0
2023-08-04 00:00:00+00:00,0.07341600209474564,9.000000318337698e-06,2.2000000171829015e-05,0.0005789999850094318,0.0
2023-08-05 00:00:00+00:00,0.0756860002875328,9.999999747378752e-06,2.300000051036477e-05,0.0005590000073425472,0.0
2023-08-06 00:00:00+00:00,0.07426600158214569,9.000000318337698e-06,2.300000051036477e-05,0.0005629999795928597,0.0
2023-08-07 00:00:00+00:00,0.07342199981212616,9.000000318337698e-06,2.2000000171829015e-05,0.0006440000142902136,0.0
2023-08-08 00:00:00+00:00,0.07498600333929062,9.999999747378752e-06,2.2000000171829015e-05,0.000615999975707382,0.0
2023-08-09 00:00:00+00:00,0.075314000248909,9.999999747378752e-06,2.2000000171829015e-05,0.0004799999878741801,0.0
2023-08-10 00:00:00+00:00,0.0758029967546463,9.999999747378752e-06,2.2000000171829015e-05,0.0005569999921135604,0.0
2023-08-11 00:00:00+00:00,0.07566600292921066,9.999999747378752e-06,2.300000051036477e-05,0.0004529999860096723,0.0
2023-08-12 00:00:00+00:00,0.07674200087785721,1.1000000085914508e-05,2.300000051036477e-05,0.0005499999970197678,0.0
2023-08-13 00:00:00+00:00,0.07478299736976624,9.999999747378752e-06,2.300000051036477e-05,0.0004619999963324517,0.0
2023-08-14 00:00:00+00:00,0.0747309997677803,9.999999747378752e-06,2.4000000848900527e-05,0.00025400001322850585,0.0
2023-08-15 00:00:00+00:00,0.07086300104856491,9.999999747378752e-06,2.300000051036477e-05,0.0005559999844990671,0.0
2023-08-16 00:00:00+00:00,0.0671830028295517,9.000000318337698e-06,2.099999983329326e-05,0.00031800000579096377,0.0
2023-08-17 00:00:00+00:00,0.061184998601675034,7.999999979801942e-06,1.8000000636675395e-05,0.00045200000749900937,0.0
2023-08-18 00:00:00+00:00,0.06323400139808655,9.000000318337698e-06,1.8000000636675395e-05,0.0004400000034365803,0.0
2023-08-19 00:00:00+00:00,0.0637580007314682,7.999999979801942e-06,1.8999999156221747e-05,0.00042799999937415123,0.0
2023-08-20 00:00:00+00:00,0.06383000314235687,7.999999979801942e-06,1.8999999156221747e-05,0.00047599998652003706,0.0
2023-08-21 00:00:00+00:00,0.06252899765968323,7.999999979801942e-06,1.8000000636675395e-05,0.00046499999007210135,0.0
2023-08-22 00:00:00+00:00,0.06259900331497192,7.999999979801942e-06,1.8000000636675395e-05,0.00046099998871795833,0.0
2023-08-23 00:00:00+00:00,0.06377799808979034,7.999999979801942e-06,1.8999999156221747e-05,0.0009950000094249845,0.0
2023-08-24 00:00:00+00:00,0.0630360022187233,7.999999979801942e-06,1.8000000636675395e-05,0.001383999944664538,0.0
2023-08-25 00:00:00+00:00,0.06308399885892868,7.999999979801942e-06,1.8000000636675395e-05,0.0005920000257901847,0.0
2023-08-26 00:00:00+00:00,0.06286799907684326,7.999999979801942e-06,1.8000000636675395e-05,0.0006350000039674342,0.0
2023-08-27 00:00:00+00:00,0.06317099928855896,7.999999979801942e-06,1.8000000636675395e-05,0.0006600000197067857,0.0
2023-08-28 00:00:00+00:00,0.06343799829483032,7.999999979801942e-06,1.8000000636675395e-05,0.0006750000175088644,0.0
2023-08-29 00:00:00+00:00,0.06639000028371811,7.999999979801942e-06,1.8999999156221747e-05,0.0005760000203736126,0.0
2023-08-30 00:00:00+00:00,0.06583800166845322,7.999999979801942e-06,1.8000000636675395e-05,0.000615999975707382,0.0
2023-08-31 00:00:00+00:00,0.06378500163555145,7.999999979801942e-06,1.700000029813964e-05,0.0005489999894052744,0.0
2023-09-01 00:00:00+00:00,0.06384900212287903,7.999999979801942e-06,1.700000029813964e-05,0.000522000016644597,0.0
2023-09-02 00:00:00+00:00,0.0634939968585968,7.999999979801942e-06,1.700000029813964e-05,0.0005660000024363399,0.0
2023-09-03 00:00:00+00:00,0.06317300349473953,7.999999979801942e-06,1.700000029813964e-05,0.0006259999936446548,0.0
2023-09-04 00:00:00+00:00,0.06318499892950058,7.000000096013537e-06,1.700000029813964e-05,0.0004959999932907522,0.0
2023-09-05 00:00:00+00:00,0.06399200111627579,7.999999979801942e-06,1.700000029813964e-05,0.0005179999861866236,0.0
2023-09-06 00:00:00+00:00,0.06361299753189087,7.999999979801942e-06,1.700000029813964e-05,0.0005939999828115106,0.0
2023-09-07 00:00:00+00:00,0.0635790005326271,7.999999979801942e-06,1.700000029813964e-05,0.0005660000024363399,0.0
2023-09-08 00:00:00+00:00,0.0636489987373352,7.999999979801942e-06,1.8999999156221747e-05,0.00045200000749900937,0.0
2023-09-09 00:00:00+00:00,0.06340499967336655,7.999999979801942e-06,1.8000000636675395e-05,0.0004659999976865947,0.0
2023-09-10 00:00:00+00:00,0.061326999217271805,7.000000096013537e-06,1.700000029813964e-05,0.0004299999854993075,0.0
2023-09-11 00:00:00+00:00,0.06046200171113014,7.000000096013537e-06,1.5999999959603883e-05,0.00042299999040551484,0.0
2023-09-12 00:00:00+00:00,0.06095099821686745,7.000000096013537e-06,1.5999999959603883e-05,0.00042600001324899495,0.0
2023-09-13 00:00:00+00:00,0.06128000095486641,7.000000096013537e-06,1.5999999959603883e-05,0.0004440000047907233,0.0
2023-09-14 00:00:00+00:00,0.06207200139760971,7.000000096013537e-06,1.5999999959603883e-05,0.00046499999007210135,0.0
2023-09-15 00:00:00+00:00,0.06255300343036652,7.000000096013537e-06,1.5999999959603883e-05,0.0004870000120718032,0.0
2023-09-16 00:00:00+00:00,0.06214800104498863,7.000000096013537e-06,1.5999999959603883e-05,0.0004330000083427876,0.0
2023-09-17 00:00:00+00:00,0.06151700019836426,7.000000096013537e-06,1.5999999959603883e-05,0.00035700001171790063,0.0
2023-09-18 00:00:00+00:00,0.06201599910855293,7.000000096013537e-06,1.5999999959603883e-05,0.00044999999227002263,0.0
2023-09-19 00:00:00+00:00,0.06270900368690491,7.000000096013537e-06,1.5999999959603883e-05,0.00044999999227002263,0.0
2023-09-20 00:00:00+00:00,0.06262999773025513,7.000000096013537e-06,1.5999999959603883e-05,0.0004780000017490238,0.0
2023-09-21 00:00:00+00:00,0.06134599819779396,7.000000096013537e-06,1.4999999621068127e-05,0.00045399999362416565,0.0
2023-09-22 00:00:00+00:00,0.06153099983930588,7.000000096013537e-06,1.5999999959603883e-05,0.0004419999895617366,0.0
2023-09-23 00:00:00+00:00,0.061507001519203186,7.999999979801942e-06,1.5999999959603883e-05,0.00039500001003034413,0.0
2023-09-24 00:00:00+00:00,0.060743000358343124,7.000000096013537e-06,1.5999999959603883e-05,0.00032699998700991273,0.0
2023-09-25 00:00:00+00:00,0.06095900014042854,7.000000096013537e-06,1.5999999959603883e-05,0.00031599999056197703,0.0
2023-09-26 00:00:00+00:00,0.06059899926185608,7.000000096013537e-06,1.5999999959603883e-05,0.0003859999997075647,0.0
2023-09-27 00:00:00+00:00,0.060504000633955,7.000000096013537e-06,1.5999999959603883e-05,0.0003260000084992498,0.0
2023-09-28 00:00:00+00:00,0.06148400157690048,7.000000096013537e-06,1.5999999959603883e-05,0.000391999987186864,0.0
2023-09-29 00:00:00+00:00,0.062178000807762146,7.000000096013537e-06,1.5999999959603883e-05,0.00035099999513477087,0.0
2023-09-30 00:00:00+00:00,0.06214100122451782,7.000000096013537e-06,1.8999999156221747e-05,0.00035799999022856355,0.0
2023-10-01 00:00:00+00:00,0.06319300085306168,7.999999979801942e-06,1.8999999156221747e-05,0.00038300000596791506,0.0
2023-10-02 00:00:00+00:00,0.062059998512268066,7.000000096013537e-06,1.8999999156221747e-05,0.00035099999513477087,0.0
2023-10-03 00:00:00+00:00,0.061386000365018845,7.000000096013537e-06,1.8000000636675395e-05,0.00035700001171790063,0.0
2023-10-04 00:00:00+00:00,0.06148799881339073,7.000000096013537e-06,1.8000000636675395e-05,0.0003539999888744205,0.0
2023-10-05 00:00:00+00:00,0.06092299893498421,7.000000096013537e-06,1.8000000636675395e-05,0.0003499999875202775,0.0
2023-10-06 00:00:00+00:00,0.06142599880695343,7.000000096013537e-06,1.8000000636675395e-05,0.0003459999861661345,0.0
2023-10-07 00:00:00+00:00,0.061455000191926956,7.000000096013537e-06,1.8000000636675395e-05,0.0003319999959785491,0.0
2023-10-08 00:00:00+00:00,0.06100799888372421,7.000000096013537e-06,1.8000000636675395e-05,0.0003260000084992498,0.0
2023-10-09 00:00:00+00:00,0.058779001235961914,7.000000096013537e-06,1.700000029813964e-05,0.00031400000443682075,0.0
2023-10-10 00:00:00+00:00,0.05902500078082085,7.000000096013537e-06,1.700000029813964e-05,0.00019700000120792538,0.0
2023-10-11 00:00:00+00:00,0.058469999581575394,7.000000096013537e-06,1.700000029813964e-05,0.00019099999917671084,0.0
2023-10-12 00:00:00+00:00,0.05789700150489807,7.000000096013537e-06,1.700000029813964e-05,0.00019099999917671084,0.0
2023-10-13 00:00:00+00:00,0.05839800089597702,7.000000096013537e-06,1.8000000636675395e-05,0.00018600000475998968,0.0
2023-10-14 00:00:00+00:00,0.05985900014638901,7.000000096013537e-06,1.8000000636675395e-05,0.0003209999995306134,0.0
2023-10-15 00:00:00+00:00,0.05934999883174896,7.000000096013537e-06,1.8000000636675395e-05,0.00028700000257231295,0.0
2023-10-16 00:00:00+00:00,0.060113999992609024,7.000000096013537e-06,1.8000000636675395e-05,0.00029200001154094934,0.0
2023-10-17 00:00:00+00:00,0.059119999408721924,7.000000096013537e-06,1.8000000636675395e-05,0.00011700000322889537,0.0
2023-10-18 00:00:00+00:00,0.05867300182580948,7.000000096013537e-06,1.8000000636675395e-05,0.0001250000059371814,0.0
2023-10-19 00:00:00+00:00,0.058883000165224075,7.000000096013537e-06,1.8000000636675395e-05,0.00043799998820759356,0.0
2023-10-20 00:00:00+00:00,0.05996499955654144,7.000000096013537e-06,1.9999999494757503e-05,0.0004720000142697245,0.0
2023-10-21 00:00:00+00:00,0.061188001185655594,7.000000096013537e-06,2.4000000848900527e-05,0.00041099998634308577,0.0
2023-10-22 00:00:00+00:00,0.06159599870443344,7.000000096013537e-06,2.499999936844688e-05,0.00048600000445730984,0.0
2023-10-23 00:00:00+00:00,0.06708499789237976,7.000000096013537e-06,2.8000000384054147e-05,0.000534999999217689,0.0
2023-10-24 00:00:00+00:00,0.06655599921941757,7.000000096013537e-06,2.5999999706982635e-05,0.000526999996509403,0.0
2023-10-25 00:00:00+00:00,0.06836099922657013,7.999999979801942e-06,2.9999999242136255e-05,0.0004820000031031668,0.0
2023-10-26 00:00:00+00:00,0.07186699658632278,7.999999979801942e-06,3.899999865097925e-05,0.0004910000134259462,9.999999974752427e-07
2023-10-27 00:00:00+00:00,0.06788100302219391,7.999999979801942e-06,3.5000000934815034e-05,0.0004900000058114529,9.999999974752427e-07
2023-10-28 00:00:00+00:00,0.06900099664926529,7.999999979801942e-06,3.600000127335079e-05,0.0004720000142697245,9.999999974752427e-07
2023-10-29 00:00:00+00:00,0.06935899704694748,7.999999979801942e-06,3.5000000934815034e-05,0.00027799999224953353,9.999999974752427e-07
2023-10-30 00:00:00+00:00,0.06965000182390213,7.999999979801942e-06,3.600000127335079e-05,0.000506000011228025,9.999999974752427e-07
2023-10-31 00:00:00+00:00,0.06827700138092041,7.999999979801942e-06,3.300000025774352e-05,0.0005959999980404973,9.999999974752427e-07
2023-11-01 00:00:00+00:00,0.06884100288152695,7.999999979801942e-06,3.300000025774352e-05,0.0005590000073425472,9.999999974752427e-07
2023-11-02 00:00:00+00:00,0.06793399900197983,7.999999979801942e-06,3.099999958067201e-05,0.000582000007852912,9.999999974752427e-07
2023-11-03 00:00:00+00:00,0.06814400106668472,7.999999979801942e-06,3.099999958067201e-05,0.0004820000031031668,9.999999974752427e-07
2023-11-04 00:00:00+00:00,0.06907899677753448,7.999999979801942e-06,3.199999991920777e-05,0.0006009999779053032,9.999999974752427e-07
2023-11-05 00:00:00+00:00,0.07122399657964706,7.999999979801942e-06,3.099999958067201e-05,0.00072900002123788,9.999999974752427e-07
2023-11-06 00:00:00+00:00,0.07638099789619446,7.999999979801942e-06,3.099999958067201e-05,0.0005920000257901847,9.999999974752427e-07
2023-11-07 00:00:00+00:00,0.07351800054311752,7.999999979801942e-06,3.099999958067201e-05,0.000506000011228025,9.999999974752427e-07
2023-11-08 00:00:00+00:00,0.07548099756240845,7.999999979801942e-06,3.099999958067201e-05,0.0005329999839887023,9.999999974752427e-07
2023-11-09 00:00:00+00:00,0.07346100360155106,7.999999979801942e-06,2.9999999242136255e-05,0.0004799999878741801,1.9999999949504854e-06
2023-11-10 00:00:00+00:00,0.07544399797916412,9.000000318337698e-06,3.099999958067201e-05,0.0005009999731555581,3.000000106112566e-06
2023-11-11 00:00:00+00:00,0.07840599864721298,9.000000318337698e-06,3.099999958067201e-05,0.0005339999916031957,1.9999999949504854e-06
2023-11-12 00:00:00+00:00,0.07798100262880325,9.000000318337698e-06,2.9999999242136255e-05,0.00046800001291558146,1.9999999949504854e-06
2023-11-13 00:00:00+00:00,0.07478199899196625,9.000000318337698e-06,3.400000059627928e-05,0.0010710000060498714,1.9999999949504854e-06
2023-11-14 00:00:00+00:00,0.07245700061321259,7.999999979801942e-06,3.300000025774352e-05,0.0005080000264570117,1.9999999949504854e-06
2023-11-15 00:00:00+00:00,0.07635600119829178,9.000000318337698e-06,3.600000127335079e-05,0.0004600000102072954,3.000000106112566e-06
2023-11-16 00:00:00+00:00,0.07927700132131577,7.999999979801942e-06,3.300000025774352e-05,0.0005670000100508332,3.000000106112566e-06
2023-11-17 00:00:00+00:00,0.08630400151014328,9.000000318337698e-06,3.300000025774352e-05,0.00046300000394694507,3.000000106112566e-06
2023-11-18 00:00:00+00:00,0.08038300275802612,9.000000318337698e-06,3.199999991920777e-05,0.0005699999746866524,3.000000106112566e-06
2023-11-19 00:00:00+00:00,0.08057600259780884,9.000000318337698e-06,3.300000025774352e-05,0.0004959999932907522,3.999999989900971e-06
2023-11-20 00:00:00+00:00,0.07787899672985077,7.999999979801942e-06,3.099999958067201e-05,0.0005200000014156103,3.999999989900971e-06
2023-11-21 00:00:00+00:00,0.07211899757385254,7.999999979801942e-06,2.9000000722589903e-05,0.0005239999736659229,3.999999989900971e-06
2023-11-22 00:00:00+00:00,0.07578399777412415,7.999999979801942e-06,3.300000025774352e-05,0.0005430000019259751,4.999999873689376e-06
2023-11-23 00:00:00+00:00,0.07620000094175339,7.999999979801942e-06,3.199999991920777e-05,0.0004839999892283231,3.999999989900971e-06
2023-11-24 00:00:00+00:00,0.07821699976921082,7.999999979801942e-06,3.300000025774352e-05,0.0004990000161342323,3.999999989900971e-06
2023-11-25 00:00:00+00:00,0.07895500212907791,7.999999979801942e-06,3.400000059627928e-05,0.0005189999938011169,3.999999989900971e-06
2023-11-26 00:00:00+00:00,0.07870399951934814,7.999999979801942e-06,3.199999991920777e-05,0.0005099999834783375,3.999999989900971e-06
2023-11-27 00:00:00+00:00,0.07878799736499786,7.999999979801942e-06,3.099999958067201e-05,0.000506000011228025,3.999999989900971e-06
2023-11-28 00:00:00+00:00,0.08100900053977966,7.999999979801942e-06,3.199999991920777e-05,0.0005559999844990671,3.999999989900971e-06
2023-11-29 00:00:00+00:00,0.08059299737215042,7.999999979801942e-06,3.199999991920777e-05,0.0007099999929778278,3.999999989900971e-06
2023-11-30 00:00:00+00:00,0.08341699838638306,7.999999979801942e-06,3.199999991920777e-05,0.0007309999782592058,3.999999989900971e-06
2023-12-01 00:00:00+00:00,0.08385699987411499,7.999999979801942e-06,3.300000025774352e-05,0.0007159999804571271,3.999999989900971e-06
2023-12-02 00:00:00+00:00,0.08627899736166,9.000000318337698e-06,3.400000059627928e-05,0.00072900002123788,4.999999873689376e-06
2023-12-03 00:00:00+00:00,0.08561500161886215,9.000000318337698e-06,3.400000059627928e-05,0.0006409999914467335,4.999999873689376e-06
2023-12-04 00:00:00+00:00,0.0919400006532669,9.000000318337698e-06,3.7000001611886546e-05,0.0008440000237897038,6.000000212225132e-06
2023-12-05 00:00:00+00:00,0.0942469984292984,9.000000318337698e-06,4.199999966658652e-05,0.0006259999936446548,7.999999979801942e-06
2023-12-06 00:00:00+00:00,0.09486400336027145,9.999999747378752e-06,3.899999865097925e-05,0.0006220000213943422,7.000000096013537e-06
2023-12-07 00:00:00+00:00,0.09591999650001526,9.999999747378752e-06,4.199999966658652e-05,0.0007810000097379088,9.999999747378752e-06
2023-12-08 00:00:00+00:00,0.10147000104188919,9.999999747378752e-06,4.099999932805076e-05,0.0007810000097379088,1.2999999853491317e-05
2023-12-09 00:00:00+00:00,0.0985419973731041,9.999999747378752e-06,3.9999998989515007e-05,0.0006680000224150717,1.1000000085914508e-05
2023-12-10 00:00:00+00:00,0.10180100053548813,9.999999747378752e-06,4.099999932805076e-05,0.0006960000027902424,1.2999999853491317e-05
2023-12-11 00:00:00+00:00,0.09438399970531464,9.999999747378752e-06,3.7000001611886546e-05,0.0006709999870508909,1.2000000424450263e-05
2023-12-12 00:00:00+00:00,0.0938350036740303,9.999999747378752e-06,3.7999998312443495e-05,0.0006730000022798777,1.1000000085914508e-05
2023-12-13 00:00:00+00:00,0.09642799943685532,9.999999747378752e-06,3.899999865097925e-05,0.0007239999831654131,1.2999999853491317e-05
2023-12-14 00:00:00+00:00,0.09825500100851059,9.999999747378752e-06,3.9999998989515007e-05,0.0008459999808110297,2.4000000848900527e-05
2023-12-15 00:00:00+00:00,0.0930040031671524,9.999999747378752e-06,3.600000127335079e-05,0.0006459999713115394,2.4000000848900527e-05
2023-12-16 00:00:00+00:00,0.09705600142478943,1.2000000424450263e-05,3.899999865097925e-05,0.0006619999767281115,2.2000000171829015e-05
2023-12-17 00:00:00+00:00,0.09309700131416321,9.999999747378752e-06,3.600000127335079e-05,0.0007800000021234155,2.300000051036477e-05
2023-12-18 00:00:00+00:00,0.09203600138425827,9.999999747378752e-06,3.5000000934815034e-05,0.0007699999841861427,2.099999983329326e-05
2023-12-19 00:00:00+00:00,0.09029699862003326,9.999999747378752e-06,3.400000059627928e-05,0.0007190000033006072,1.8999999156221747e-05
2023-12-20 00:00:00+00:00,0.09141699969768524,9.999999747378752e-06,3.400000059627928e-05,0.0007479999912902713,1.8999999156221747e-05
2023-12-21 00:00:00+00:00,0.09500399976968765,9.999999747378752e-06,3.600000127335079e-05,0.0007399999885819852,2.099999983329326e-05
2023-12-22 00:00:00+00:00,0.09519799798727036,1.1000000085914508e-05,3.7999998312443495e-05,0.0006970000104047358,1.8999999156221747e-05
2023-12-23 00:00:00+00:00,0.09356199949979782,1.1000000085914508e-05,3.7000001611886546e-05,0.0008520000264979899,1.9999999494757503e-05
2023-12-24 00:00:00+00:00,0.09189499914646149,1.1000000085914508e-05,3.5000000934815034e-05,0.0017369999550282955,1.8000000636675395e-05
2023-12-25 00:00:00+00:00,0.0944489985704422,1.1000000085914508e-05,3.7000001611886546e-05,0.0009840000420808792,1.8999999156221747e-05
2023-12-26 00:00:00+00:00,0.09135600179433823,1.1000000085914508e-05,3.600000127335079e-05,0.0011259999591857195,1.5999999959603883e-05
2023-12-27 00:00:00+00:00,0.09357900172472,1.1000000085914508e-05,3.7000001611886546e-05,0.00034500000765547156,1.4999999621068127e-05
2023-12-28 00:00:00+00:00,0.09188400208950043,1.1000000085914508e-05,3.600000127335079e-05,2.700000004551839e-05,1.4999999621068127e-05
2023-12-29 00:00:00+00:00,0.09103800356388092,9.999999747378752e-06,3.5000000934815034e-05,0.0007800000021234155,1.4999999621068127e-05
2023-12-30 00:00:00+00:00,0.09014800190925598,9.999999747378752e-06,3.5000000934815034e-05,0.0014570000348612666,1.4000000192027073e-05
2023-12-31 00:00:00+00:00,0.08947200328111649,9.999999747378752e-06,3.5000000934815034e-05,0.0008379999781027436,1.2999999853491317e-05
2024-01-01 00:00:00+00:00,0.09202399849891663,1.1000000085914508e-05,3.7000001611886546e-05,0.0009710000013001263,1.4999999621068127e-05
2024-01-02 00:00:00+00:00,0.09120400249958038,1.1000000085914508e-05,3.600000127335079e-05,0.0012069999938830733,1.2999999853491317e-05
2024-01-03 00:00:00+00:00,0.08204200118780136,9.999999747378752e-06,3.099999958067201e-05,0.0009139999747276306,1.2000000424450263e-05
2024-01-04 00:00:00+00:00,0.08413100242614746,9.999999747378752e-06,3.300000025774352e-05,0.0009459999855607748,1.2000000424450263e-05
2024-01-05 00:00:00+00:00,0.08277300000190735,9.999999747378752e-06,3.199999991920777e-05,0.0009350000182166696,1.1000000085914508e-05
2024-01-06 00:00:00+00:00,0.0806640014052391,9.999999747378752e-06,3.099999958067201e-05,0.0009759999811649323,1.1000000085914508e-05
2024-01-07 00:00:00+00:00,0.07822500169277191,9.000000318337698e-06,2.9000000722589903e-05,0.0010939999483525753,9.999999747378752e-06
2024-01-08 00:00:00+00:00,0.08137000352144241,9.999999747378752e-06,3.099999958067201e-05,0.0007999999797903001,1.2000000424450263e-05
2024-01-09 00:00:00+00:00,0.07926300168037415,9.999999747378752e-06,2.9000000722589903e-05,0.0016339999856427312,1.4000000192027073e-05
2024-01-10 00:00:00+00:00,0.08294200152158737,9.999999747378752e-06,3.199999991920777e-05,0.001171999960206449,1.5999999959603883e-05
2024-01-11 00:00:00+00:00,0.0846249982714653,9.999999747378752e-06,3.199999991920777e-05,0.0011239999439567327,1.5999999959603883e-05
2024-01-12 00:00:00+00:00,0.08004599809646606,9.999999747378752e-06,2.9999999242136255e-05,0.001117000007070601,1.4000000192027073e-05
2024-01-13 00:00:00+00:00,0.08092299848794937,9.999999747378752e-06,3.099999958067201e-05,0.0011129999766126275,1.4999999621068127e-05
2024-01-14 00:00:00+00:00,0.07997799664735794,9.999999747378752e-06,2.9999999242136255e-05,0.001117000007070601,1.4000000192027073e-05
2024-01-15 00:00:00+00:00,0.08112499862909317,9.999999747378752e-06,3.099999958067201e-05,0.001133000012487173,1.4000000192027073e-05
2024-01-16 00:00:00+00:00,0.08130999654531479,9.999999747378752e-06,3.099999958067201e-05,0.0011660000309348106,1.4000000192027073e-05
2024-01-17 00:00:00+00:00,0.08050499856472015,9.999999747378752e-06,3.099999958067201e-05,0.0012400000123307109,1.2999999853491317e-05
2024-01-18 00:00:00+00:00,0.07798700034618378,9.000000318337698e-06,2.9000000722589903e-05,0.0040420000441372395,1.2000000424450263e-05
2024-01-19 00:00:00+00:00,0.07853599637746811,9.000000318337698e-06,2.9000000722589903e-05,0.0023590000346302986,1.2000000424450263e-05
2024-01-20 00:00:00+00:00,0.08788800239562988,9.999999747378752e-06,3.400000059627928e-05,0.0025839998852461576,1.2000000424450263e-05
2024-01-21 00:00:00+00:00,0.08527299761772156,9.000000318337698e-06,3.099999958067201e-05,0.002947000088170171,1.1000000085914508e-05
2024-01-22 00:00:00+00:00,0.08034099638462067,9.000000318337698e-06,2.9000000722589903e-05,0.0034920000471174717,9.999999747378752e-06
2024-01-23 00:00:00+00:00,0.07815399765968323,9.000000318337698e-06,2.8000000384054147e-05,0.0032939999364316463,1.1000000085914508e-05
2024-01-24 00:00:00+00:00,0.07901600003242493,9.000000318337698e-06,2.9000000722589903e-05,0.0029349999967962503,1.1000000085914508e-05
2024-01-25 00:00:00+00:00,0.07793299853801727,9.000000318337698e-06,2.8000000384054147e-05,0.0025239998940378428,1.1000000085914508e-05
2024-01-26 00:00:00+00:00,0.07990100234746933,9.000000318337698e-06,2.9000000722589903e-05,0.003109999932348728,1.2000000424450263e-05
2024-01-27 00:00:00+00:00,0.08014199882745743,9.000000318337698e-06,2.9000000722589903e-05,0.0024590000975877047,1.2000000424450263e-05
2024-01-28 00:00:00+00:00,0.07881300151348114,9.000000318337698e-06,2.8000000384054147e-05,0.0025649999734014273,1.2000000424450263e-05
2024-01-29 00:00:00+00:00,0.08128900080919266,9.000000318337698e-06,2.9000000722589903e-05,0.0024770000018179417,1.2000000424450263e-05
2024-01-30 00:00:00+00:00,0.07972300052642822,9.000000318337698e-06,2.9000000722589903e-05,0.0019990000873804092,1.1000000085914508e-05
2024-01-31 00:00:00+00:00,0.07876399904489517,9.000000318337698e-06,2.8000000384054147e-05,0.0019340000580996275,1.1000000085914508e-05
2024-02-01 00:00:00+00:00,0.07932700216770172,9.000000318337698e-06,2.8000000384054147e-05,0.0016139999497681856,1.1000000085914508e-05
2024-02-02 00:00:00+00:00,0.07923299819231033,9.000000318337698e-06,2.8000000384054147e-05,0.0016499999910593033,1.1000000085914508e-05
2024-02-03 00:00:00+00:00,0.07865100353956223,9.000000318337698e-06,2.8000000384054147e-05,0.0016530000139027834,9.999999747378752e-06
2024-02-04 00:00:00+00:00,0.07823800295591354,9.000000318337698e-06,2.700000004551839e-05,0.0012420000275596976,9.999999747378752e-06
2024-02-05 00:00:00+00:00,0.07822000235319138,9.000000318337698e-06,2.700000004551839e-05,0.0015780000248923898,9.999999747378752e-06
2024-02-06 00:00:00+00:00,0.07846599817276001,9.000000318337698e-06,2.8000000384054147e-05,0.002853000070899725,9.999999747378752e-06
2024-02-07 00:00:00+00:00,0.08010400086641312,9.000000318337698e-06,2.9000000722589903e-05,0.002455000067129731,9.999999747378752e-06
2024-02-08 00:00:00+00:00,0.07987099885940552,9.000000318337698e-06,2.9000000722589903e-05,0.0020550000481307507,9.999999747378752e-06
2024-02-09 00:00:00+00:00,0.08157899975776672,9.000000318337698e-06,3.099999958067201e-05,0.002203000010922551,1.2000000424450263e-05
2024-02-10 00:00:00+00:00,0.08144800364971161,9.000000318337698e-06,3.099999958067201e-05,0.002191999927163124,1.2999999853491317e-05
2024-02-11 00:00:00+00:00,0.0811930000782013,9.000000318337698e-06,3.099999958067201e-05,0.0022929999977350235,1.2000000424450263e-05
2024-02-12 00:00:00+00:00,0.08234500139951706,9.999999747378752e-06,3.199999991920777e-05,0.002225999953225255,1.2999999853491317e-05
2024-02-13 00:00:00+00:00,0.08108899742364883,9.000000318337698e-06,3.199999991920777e-05,0.0024300001095980406,1.2999999853491317e-05
2024-02-14 00:00:00+00:00,0.08554299920797348,9.999999747378752e-06,3.400000059627928e-05,0.001967000076547265,1.4000000192027073e-05
2024-02-15 00:00:00+00:00,0.08535599708557129,9.999999747378752e-06,3.400000059627928e-05,0.0024770000018179417,1.4000000192027073e-05
2024-02-16 00:00:00+00:00,0.08601299673318863,9.999999747378752e-06,3.400000059627928e-05,0.0021170000545680523,1.2999999853491317e-05
2024-02-17 00:00:00+00:00,0.08359300345182419,9.999999747378752e-06,3.300000025774352e-05,0.0022770001087337732,1.2999999853491317e-05
2024-02-18 00:00:00+00:00,0.08516599982976913,9.999999747378752e-06,3.400000059627928e-05,0.0022120000794529915,1.2999999853491317e-05
2024-02-19 00:00:00+00:00,0.08947700262069702,9.999999747378752e-06,3.5000000934815034e-05,0.001979999942705035,1.2999999853491317e-05
2024-02-20 00:00:00+00:00,0.08614300191402435,9.999999747378752e-06,3.400000059627928e-05,0.0019650000613182783,1.2000000424450263e-05
2024-02-21 00:00:00+00:00,0.08461499959230423,9.999999747378752e-06,3.300000025774352e-05,0.002078999998047948,1.2000000424450263e-05
2024-02-22 00:00:00+00:00,0.0840890035033226,9.999999747378752e-06,3.400000059627928e-05,0.0021359999664127827,1.2000000424450263e-05
2024-02-23 00:00:00+00:00,0.08443400263786316,9.999999747378752e-06,3.400000059627928e-05,0.0021359999664127827,1.1000000085914508e-05
2024-02-24 00:00:00+00:00,0.08615600317716599,9.999999747378752e-06,3.5000000934815034e-05,0.0017750000115484,1.2000000424450263e-05
2024-02-25 00:00:00+00:00,0.08609899878501892,9.999999747378752e-06,3.7000001611886546e-05,0.0018500000005587935,1.2000000424450263e-05
2024-02-26 00:00:00+00:00,0.08938899636268616,9.999999747378752e-06,4.3000000005122274e-05,0.001471000025048852,1.2999999853491317e-05
2024-02-27 00:00:00+00:00,0.09767100214958191,1.1000000085914508e-05,5.0999999075429514e-05,0.001964000053703785,1.4999999621068127e-05
2024-02-28 00:00:00+00:00,0.1165819987654686,1.2000000424450263e-05,5.700000110664405e-05,0.0020920000970363617,1.8999999156221747e-05
2024-02-29 00:00:00+00:00,0.11718499660491943,1.2999999853491317e-05,5.400000009103678e-05,0.00215999991632998,2.2000000171829015e-05
2024-03-01 00:00:00+00:00,0.13955700397491455,1.700000029813964e-05,8.70000003487803e-05,0.002102999947965145,2.499999936844688e-05
2024-03-02 00:00:00+00:00,0.14212100207805634,2.300000051036477e-05,0.0001340000017080456,0.0021059999708086252,2.4000000848900527e-05
2024-03-03 00:00:00+00:00,0.15383599698543549,2.300000051036477e-05,0.00014699999883305281,0.0025480000767856836,2.700000004551839e-05
2024-03-04 00:00:00+00:00,0.1829099953174591,3.600000127335079e-05,0.00014400000509340316,0.0028089999686926603,3.7999998312443495e-05
2024-03-05 00:00:00+00:00,0.15393699705600739,3.600000127335079e-05,0.00011600000289035961,0.0033760000951588154,3.099999958067201e-05
2024-03-06 00:00:00+00:00,0.15779100358486176,3.300000025774352e-05,0.00013099999341648072,0.002256999956443906,2.9999999242136255e-05
2024-03-07 00:00:00+00:00,0.1581210047006607,3.199999991920777e-05,0.00014000000373926014,0.0021150000393390656,2.700000004551839e-05
2024-03-08 00:00:00+00:00,0.16534699499607086,3.5000000934815034e-05,0.00023400000645779073,0.0023240000009536743,3.199999991920777e-05
2024-03-09 00:00:00+00:00,0.17908300459384918,3.5000000934815034e-05,0.00023999999393709004,0.0025229998864233494,3.400000059627928e-05
2024-03-10 00:00:00+00:00,0.16991999745368958,3.300000025774352e-05,0.0002730000123847276,0.002546000061556697,3.099999958067201e-05
2024-03-11 00:00:00+00:00,0.18196499347686768,3.400000059627928e-05,0.00029600001289509237,0.0029770000837743282,3.099999958067201e-05
2024-03-12 00:00:00+00:00,0.16814400255680084,3.199999991920777e-05,0.0002699999895412475,0.002896999940276146,2.9000000722589903e-05
2024-03-13 00:00:00+00:00,0.1691579967737198,3.199999991920777e-05,0.0002699999895412475,0.0028860000893473625,3.199999991920777e-05
2024-03-14 00:00:00+00:00,0.17733000218868256,3.199999991920777e-05,0.00027799999224953353,0.0022750000935047865,3.400000059627928e-05
2024-03-15 00:00:00+00:00,0.1632310003042221,2.9999999242136255e-05,0.00026699999580159783,0.0034539999905973673,2.9999999242136255e-05
2024-03-16 00:00:00+00:00,0.14236800372600555,2.499999936844688e-05,0.00021399999968707561,0.0030129998922348022,2.499999936844688e-05
2024-03-17 00:00:00+00:00,0.15433000028133392,2.9999999242136255e-05,0.00022499999613501132,0.0038980001118034124,2.8000000384054147e-05
2024-03-18 00:00:00+00:00,0.14367300271987915,2.700000004551839e-05,0.00019299999985378236,0.003263999940827489,2.4000000848900527e-05
2024-03-19 00:00:00+00:00,0.1287280023097992,2.499999936844688e-05,0.00017699999443721026,0.0027979998849332333,2.2000000171829015e-05
2024-03-20 00:00:00+00:00,0.15218600630760193,2.8000000384054147e-05,0.00023299999884329736,0.002940000034868717,2.4000000848900527e-05
2024-03-21 00:00:00+00:00,0.15529200434684753,2.700000004551839e-05,0.00021399999968707561,0.0029349999967962503,2.300000051036477e-05
2024-03-22 00:00:00+00:00,0.15270300209522247,2.5999999706982635e-05,0.00022600000374950469,0.0028979999478906393,2.2000000171829015e-05
2024-03-23 00:00:00+00:00,0.16176800429821014,2.700000004551839e-05,0.00022899999748915434,0.0030010000336915255,2.2000000171829015e-05
2024-03-24 00:00:00+00:00,0.17645299434661865,2.8000000384054147e-05,0.00023999999393709004,0.003157000057399273,2.4000000848900527e-05
2024-03-25 00:00:00+00:00,0.17536699771881104,2.9000000722589903e-05,0.0002410000015515834,0.0030739998910576105,2.499999936844688e-05
2024-03-26 00:00:00+00:00,0.18248599767684937,3.099999958067201e-05,0.00024199999461416155,0.002937000012025237,2.700000004551839e-05
2024-03-27 00:00:00+00:00,0.19032999873161316,2.9999999242136255e-05,0.00022499999613501132,0.002810999983921647,2.5999999706982635e-05
2024-03-28 00:00:00+00:00,0.22005599737167358,3.199999991920777e-05,0.0002519999979995191,0.0027459999546408653,2.8000000384054147e-05
2024-03-29 00:00:00+00:00,0.21349099278450012,3.099999958067201e-05,0.00023999999393709004,0.0026859999634325504,2.5999999706982635e-05
2024-03-30 00:00:00+00:00,0.19943399727344513,2.9999999242136255e-05,0.00024300000222865492,0.0022440000902861357,2.700000004551839e-05
2024-03-31 00:00:00+00:00,0.22006399929523468,3.099999958067201e-05,0.0002479999966453761,0.00227600010111928,2.8000000384054147e-05
2024-04-01 00:00:00+00:00,0.20556999742984772,2.9000000722589903e-05,0.00023299999884329736,0.0021699999924749136,2.5999999706982635e-05
2024-04-02 00:00:00+00:00,0.1823039948940277,2.5999999706982635e-05,0.00020900000527035445,0.002087000058963895,2.300000051036477e-05
2024-04-03 00:00:00+00:00,0.17554700374603271,2.5999999706982635e-05,0.0001990000018849969,0.0020810000132769346,2.2000000171829015e-05
2024-04-04 00:00:00+00:00,0.17992599308490753,2.8000000384054147e-05,0.0002010000025620684,0.002320999978110194,2.300000051036477e-05
2024-04-05 00:00:00+00:00,0.17751799523830414,2.700000004551839e-05,0.0001880000054370612,0.0017709999810904264,2.2000000171829015e-05
2024-04-06 00:00:00+00:00,0.18595099449157715,2.700000004551839e-05,0.00019500000053085387,0.0020129999611526728,2.300000051036477e-05
2024-04-07 00:00:00+00:00,0.19910800457000732,2.8000000384054147e-05,0.00020599999697878957,0.0026000000070780516,2.4000000848900527e-05
2024-04-08 00:00:00+00:00,0.20263999700546265,2.9000000722589903e-05,0.00021499999274965376,0.00304200011305511,2.4000000848900527e-05
2024-04-09 00:00:00+00:00,0.18900099396705627,2.700000004551839e-05,0.0001990000018849969,0.0026599999982863665,2.2000000171829015e-05
2024-04-10 00:00:00+00:00,0.19998399913311005,2.8000000384054147e-05,0.00019799999427050352,0.002578000072389841,2.300000051036477e-05
2024-04-11 00:00:00+00:00,0.19401100277900696,2.8000000384054147e-05,0.00019200000679120421,0.0030380000825971365,2.2000000171829015e-05
2024-04-12 00:00:00+00:00,0.17459699511528015,2.499999936844688e-05,0.00015900000289548188,0.0031649998854845762,1.700000029813964e-05
2024-04-13 00:00:00+00:00,0.1531679928302765,2.099999983329326e-05,0.0001340000017080456,0.003246000036597252,1.4999999621068127e-05
2024-04-14 00:00:00+00:00,0.1622850000858307,2.300000051036477e-05,0.00015100000018719584,0.0029200001154094934,1.5999999959603883e-05
2024-04-15 00:00:00+00:00,0.16136899590492249,2.2000000171829015e-05,0.0001429999974789098,0.002947000088170171,1.4999999621068127e-05
2024-04-16 00:00:00+00:00,0.15598900616168976,2.300000051036477e-05,0.00014200000441633165,0.0025659999810159206,1.4999999621068127e-05
2024-04-17 00:00:00+00:00,0.14760500192642212,2.2000000171829015e-05,0.00013299999409355223,0.002830999903380871,1.4000000192027073e-05
2024-04-18 00:00:00+00:00,0.15244799852371216,2.300000051036477e-05,0.00013800000306218863,0.002768999896943569,1.4999999621068127e-05
2024-04-19 00:00:00+00:00,0.15626800060272217,2.300000051036477e-05,0.00013899999612476677,0.0027719999197870493,1.4999999621068127e-05
2024-04-20 00:00:00+00:00,0.1628270000219345,2.5999999706982635e-05,0.00016599999798927456,0.0027260000351816416,1.9999999494757503e-05
2024-04-21 00:00:00+00:00,0.15826000273227692,2.5999999706982635e-05,0.00017100000695791095,0.0027260000351816416,2.099999983329326e-05
2024-04-22 00:00:00+00:00,0.16119399666786194,2.700000004551839e-05,0.00017600000137463212,0.002882000058889389,1.9999999494757503e-05
2024-04-23 00:00:00+00:00,0.15994399785995483,2.700000004551839e-05,0.00019299999985378236,0.002641000086441636,2.499999936844688e-05
2024-04-24 00:00:00+00:00,0.15135399997234344,2.5999999706982635e-05,0.0001849999971454963,0.002445999998599291,2.499999936844688e-05
2024-04-25 00:00:00+00:00,0.15139399468898773,2.5999999706982635e-05,0.00018600000475998968,0.0020439999643713236,2.700000004551839e-05
2024-04-26 00:00:00+00:00,0.14783699810504913,2.499999936844688e-05,0.0001829999964684248,0.001449999981559813,2.5999999706982635e-05
2024-04-27 00:00:00+00:00,0.1477160006761551,2.499999936844688e-05,0.00017299999308306724,0.001551999943330884,2.499999936844688e-05
2024-04-28 00:00:00+00:00,0.146698996424675,2.4000000848900527e-05,0.00016999999934341758,0.001551999943330884,2.499999936844688e-05
2024-04-29 00:00:00+00:00,0.14349199831485748,2.4000000848900527e-05,0.00016999999934341758,0.001541999983601272,2.5999999706982635e-05
2024-04-30 00:00:00+00:00,0.13332700729370117,2.2000000171829015e-05,0.000155999994603917,0.001541999983601272,2.300000051036477e-05
2024-05-01 00:00:00+00:00,0.1301340013742447,2.300000051036477e-05,0.00015900000289548188,0.0014730000402778387,2.300000051036477e-05
2024-05-02 00:00:00+00:00,0.1321060061454773,2.300000051036477e-05,0.00016399999731220305,0.001496999990195036,2.499999936844688e-05
2024-05-03 00:00:00+00:00,0.1461459994316101,2.4000000848900527e-05,0.00017499999376013875,0.001563000027090311,2.700000004551839e-05
2024-05-04 00:00:00+00:00,0.1601569950580597,2.499999936844688e-05,0.00019200000679120421,0.001585999969393015,2.8000000384054147e-05
2024-05-05 00:00:00+00:00,0.16106800734996796,2.499999936844688e-05,0.0001880000054370612,0.001597000053152442,2.5999999706982635e-05
2024-05-06 00:00:00+00:00,0.1566080003976822,2.4000000848900527e-05,0.00017899999511428177,0.001484000007621944,2.499999936844688e-05
2024-05-07 00:00:00+00:00,0.15018999576568604,2.300000051036477e-05,0.0001720000000204891,0.0013970000436529517,2.4000000848900527e-05
2024-05-08 00:00:00+00:00,0.14329400658607483,2.300000051036477e-05,0.00016999999934341758,0.0013780000153928995,2.300000051036477e-05
2024-05-09 00:00:00+00:00,0.15211699903011322,2.300000051036477e-05,0.00017899999511428177,0.0014329999685287476,2.499999936844688e-05
2024-05-10 00:00:00+00:00,0.14403100311756134,2.2000000171829015e-05,0.00016900000628083944,0.0013549999566748738,2.300000051036477e-05
2024-05-11 00:00:00+00:00,0.1429239958524704,2.2000000171829015e-05,0.00016999999934341758,0.0013340000296011567,2.300000051036477e-05
2024-05-12 00:00:00+00:00,0.1412310004234314,2.2000000171829015e-05,0.00016900000628083944,0.001306000049225986,2.300000051036477e-05
2024-05-13 00:00:00+00:00,0.14843399822711945,2.300000051036477e-05,0.0001829999964684248,0.0011139999842271209,2.300000051036477e-05
2024-05-14 00:00:00+00:00,0.14541900157928467,2.300000051036477e-05,0.00018899999849963933,0.001183000043965876,2.300000051036477e-05
2024-05-15 00:00:00+00:00,0.15552599728107452,2.499999936844688e-05,0.00021100000594742596,0.0011190000222995877,2.499999936844688e-05
2024-05-16 00:00:00+00:00,0.14963699877262115,2.499999936844688e-05,0.00020599999697878957,0.0011480000102892518,2.4000000848900527e-05
2024-05-17 00:00:00+00:00,0.15556299686431885,2.499999936844688e-05,0.0002099999983329326,0.001214000047184527,2.4000000848900527e-05
2024-05-18 00:00:00+00:00,0.15307700634002686,2.499999936844688e-05,0.00020399999630171806,0.0012969999806955457,2.5999999706982635e-05
2024-05-19 00:00:00+00:00,0.14910699427127838,2.4000000848900527e-05,0.00019299999985378236,0.0012209999840706587,2.499999936844688e-05
2024-05-20 00:00:00+00:00,0.16568799316883087,2.5999999706982635e-05,0.00021499999274965376,0.0011810000287368894,2.9999999242136255e-05
2024-05-21 00:00:00+00:00,0.17047399282455444,2.5999999706982635e-05,0.0002300000051036477,0.002179000061005354,3.300000025774352e-05
2024-05-22 00:00:00+00:00,0.16616299748420715,2.499999936844688e-05,0.0002229999954579398,0.0021909999195486307,3.199999991920777e-05
2024-05-23 00:00:00+00:00,0.1596129983663559,2.499999936844688e-05,0.00022600000374950469,0.0018350000027567148,3.5000000934815034e-05
2024-05-24 00:00:00+00:00,0.16380299627780914,2.4000000848900527e-05,0.00022000000171829015,0.0017610000213608146,3.300000025774352e-05
2024-05-25 00:00:00+00:00,0.17396000027656555,2.499999936844688e-05,0.00022499999613501132,0.0019839999731630087,3.5000000934815034e-05
2024-05-26 00:00:00+00:00,0.16621999442577362,2.4000000848900527e-05,0.00022499999613501132,0.0026279999874532223,3.400000059627928e-05
2024-05-27 00:00:00+00:00,0.16909000277519226,2.5999999706982635e-05,0.00027799999224953353,0.002167999977245927,3.899999865097925e-05
2024-05-28 00:00:00+00:00,0.16496199369430542,2.700000004551839e-05,0.000295000005280599,0.0033970000222325325,4.099999932805076e-05
2024-05-29 00:00:00+00:00,0.16369499266147614,2.8000000384054147e-05,0.0002680000034160912,0.0033839999232441187,3.600000127335079e-05
2024-05-30 00:00:00+00:00,0.15954400599002838,2.5999999706982635e-05,0.00024900000425986946,0.02131200022995472,3.400000059627928e-05
2024-05-31 00:00:00+00:00,0.15913599729537964,2.499999936844688e-05,0.00025499999173916876,0.043150998651981354,3.400000059627928e-05
2024-06-01 00:00:00+00:00,0.16019999980926514,2.499999936844688e-05,0.0002519999979995191,0.02433600090444088,3.300000025774352e-05
2024-06-02 00:00:00+00:00,0.15720100700855255,2.499999936844688e-05,0.00024399999529123306,0.03554299846291542,3.199999991920777e-05
2024-06-03 00:00:00+00:00,0.15828199684619904,2.4000000848900527e-05,0.0002690000110305846,0.027966000139713287,3.199999991920777e-05
2024-06-04 00:00:00+00:00,0.16144999861717224,2.499999936844688e-05,0.000295000005280599,0.02463199943304062,3.300000025774352e-05
2024-06-05 00:00:00+00:00,0.16323499381542206,2.5999999706982635e-05,0.00030899999546818435,0.019717000424861908,3.400000059627928e-05
2024-06-06 00:00:00+00:00,0.16015900671482086,2.499999936844688e-05,0.00031999999191612005,0.012381999753415585,3.199999991920777e-05
2024-06-07 00:00:00+00:00,0.14830300211906433,2.4000000848900527e-05,0.00028300000121816993,0.013793000020086765,2.9000000722589903e-05
2024-06-08 00:00:00+00:00,0.14605900645256042,2.300000051036477e-05,0.0002800000074785203,0.012881999835371971,2.700000004551839e-05
2024-06-09 00:00:00+00:00,0.14677399396896362,2.300000051036477e-05,0.0002800000074785203,0.013407999649643898,2.9000000722589903e-05
2024-06-10 00:00:00+00:00,0.1447400003671646,2.300000051036477e-05,0.00026500000967644155,0.012071000412106514,2.700000004551839e-05
2024-06-11 00:00:00+00:00,0.13810400664806366,2.2000000171829015e-05,0.00023700000019744039,0.009380999952554703,2.700000004551839e-05
2024-06-12 00:00:00+00:00,0.14619599282741547,2.2000000171829015e-05,0.00021899999410379678,0.009983000345528126,2.9000000722589903e-05
2024-06-13 00:00:00+00:00,0.1410599946975708,2.099999983329326e-05,0.00020599999697878957,0.009198999963700771,2.5999999706982635e-05
2024-06-14 00:00:00+00:00,0.13496999442577362,1.9999999494757503e-05,0.0002010000025620684,0.008577999658882618,2.4000000848900527e-05
2024-06-15 00:00:00+00:00,0.13656599819660187,2.099999983329326e-05,0.00020199999562464654,0.009115999564528465,2.4000000848900527e-05
2024-06-16 00:00:00+00:00,0.1369370073080063,2.099999983329326e-05,0.00020700000459328294,0.009384999983012676,2.499999936844688e-05
2024-06-17 00:00:00+00:00,0.12888899445533752,1.8999999156221747e-05,0.00018200000340584666,0.008991999551653862,2.300000051036477e-05
2024-06-18 00:00:00+00:00,0.12229599803686142,1.8000000636675395e-05,0.00016799999866634607,0.008562999777495861,2.099999983329326e-05
2024-06-19 00:00:00+00:00,0.12234099954366684,1.8000000636675395e-05,0.00017100000695791095,0.009569000452756882,2.099999983329326e-05
2024-06-20 00:00:00+00:00,0.12441900372505188,1.8000000636675395e-05,0.00017600000137463212,0.00976600032299757,2.099999983329326e-05
2024-06-21 00:00:00+00:00,0.1240290030837059,1.8000000636675395e-05,0.00016999999934341758,0.012315000407397747,1.9999999494757503e-05
2024-06-22 00:00:00+00:00,0.1237889975309372,1.8000000636675395e-05,0.00016999999934341758,0.015545000322163105,2.099999983329326e-05
2024-06-23 00:00:00+00:00,0.12225700169801712,1.8000000636675395e-05,0.00015900000289548188,0.013469000346958637,1.9999999494757503e-05
2024-06-24 00:00:00+00:00,0.11904300004243851,1.700000029813964e-05,0.00016799999866634607,0.010486000217497349,2.2000000171829015e-05
2024-06-25 00:00:00+00:00,0.12615300714969635,1.8000000636675395e-05,0.00017800000205170363,0.011401000432670116,2.300000051036477e-05
2024-06-26 00:00:00+00:00,0.12267900258302689,1.700000029813964e-05,0.00016799999866634607,0.011359999887645245,2.2000000171829015e-05
2024-06-27 00:00:00+00:00,0.126910999417305,1.8000000636675395e-05,0.0001740000006975606,0.015225999988615513,2.499999936844688e-05
2024-06-28 00:00:00+00:00,0.12278900295495987,1.700000029813964e-05,0.00016399999731220305,0.010777000337839127,2.300000051036477e-05
2024-06-29 00:00:00+00:00,0.12169899791479111,1.700000029813964e-05,0.00016399999731220305,0.011381000280380249,2.2000000171829015e-05
2024-06-30 00:00:00+00:00,0.12430500239133835,1.700000029813964e-05,0.00017100000695791095,0.01107999961823225,2.300000051036477e-05
2024-07-01 00:00:00+00:00,0.12344200164079666,1.700000029813964e-05,0.00016999999934341758,0.010595999658107758,2.5999999706982635e-05
2024-07-02 00:00:00+00:00,0.1250160038471222,1.700000029813964e-05,0.0001829999964684248,0.006351999938488007,2.499999936844688e-05
2024-07-03 00:00:00+00:00,0.11847099661827087,1.5999999959603883e-05,0.00016199999663513154,0.005144000053405762,2.2000000171829015e-05
2024-07-04 00:00:00+00:00,0.10488700121641159,1.4999999621068127e-05,0.00014200000441633165,0.004875999875366688,2.099999983329326e-05
2024-07-05 00:00:00+00:00,0.10559400171041489,1.4999999621068127e-05,0.00013899999612476677,0.004401000216603279,2.2000000171829015e-05
2024-07-06 00:00:00+00:00,0.1136149987578392,1.700000029813964e-05,0.00015199999324977398,0.0038799999747425318,2.300000051036477e-05
2024-07-07 00:00:00+00:00,0.10423199832439423,1.5999999959603883e-05,0.00013600000238511711,0.0038819999899715185,2.099999983329326e-05
2024-07-08 00:00:00+00:00,0.1075809970498085,1.5999999959603883e-05,0.00014200000441633165,0.004089000169187784,2.4000000848900527e-05
2024-07-09 00:00:00+00:00,0.10751300305128098,1.5999999959603883e-05,0.00014400000509340316,0.003662999952211976,2.5999999706982635e-05
2024-07-10 00:00:00+00:00,0.10802199691534042,1.5999999959603883e-05,0.00014899999951012433,0.003794000018388033,2.5999999706982635e-05
2024-07-11 00:00:00+00:00,0.10666699707508087,1.5999999959603883e-05,0.0001429999974789098,0.0041600000113248825,2.4000000848900527e-05
2024-07-12 00:00:00+00:00,0.10768499970436096,1.5999999959603883e-05,0.00014099999680183828,0.004269999917596579,2.300000051036477e-05
2024-07-13 00:00:00+00:00,0.11235599964857101,1.700000029813964e-05,0.00014200000441633165,0.00547999981790781,2.300000051036477e-05
2024-07-14 00:00:00+00:00,0.11544899642467499,1.8000000636675395e-05,0.00015199999324977398,0.004112999886274338,2.4000000848900527e-05
2024-07-15 00:00:00+00:00,0.12522800266742706,1.8999999156221747e-05,0.00018400000408291817,0.004294999875128269,2.700000004551839e-05
2024-07-16 00:00:00+00:00,0.12493100017309189,1.8999999156221747e-05,0.00018899999849963933,0.004009000025689602,2.9000000722589903e-05
2024-07-17 00:00:00+00:00,0.12188400328159332,1.8999999156221747e-05,0.00018000000272877514,0.0043020001612603664,2.700000004551839e-05
2024-07-18 00:00:00+00:00,0.11949600279331207,1.700000029813964e-05,0.0001740000006975606,0.004641999956220388,2.700000004551839e-05
2024-07-19 00:00:00+00:00,0.12547999620437622,1.8000000636675395e-05,0.00019099999917671084,0.004536000080406666,3.199999991920777e-05
2024-07-20 00:00:00+00:00,0.13443000614643097,1.8000000636675395e-05,0.00019999999494757503,0.0046629998832941055,3.099999958067201e-05
2024-07-21 00:00:00+00:00,0.14016899466514587,1.8000000636675395e-05,0.00020599999697878957,0.004170999862253666,3.300000025774352e-05
2024-07-22 00:00:00+00:00,0.13788099586963654,1.8000000636675395e-05,0.00019299999985378236,0.0037400000728666782,2.9999999242136255e-05
2024-07-23 00:00:00+00:00,0.13039100170135498,1.700000029813964e-05,0.0001849999971454963,0.0037010000087320805,2.8000000384054147e-05
2024-07-24 00:00:00+00:00,0.12808799743652344,1.700000029813964e-05,0.00017899999511428177,0.0035429999697953463,2.700000004551839e-05
2024-07-25 00:00:00+00:00,0.12522099912166595,1.5999999959603883e-05,0.00017499999376013875,0.0031349998898804188,2.700000004551839e-05
2024-07-26 00:00:00+00:00,0.13431799411773682,1.700000029813964e-05,0.00018099999579135329,0.003008000086992979,2.9000000722589903e-05
2024-07-27 00:00:00+00:00,0.1315920054912567,1.700000029813964e-05,0.00017800000205170363,0.0030900000128895044,2.8000000384054147e-05
2024-07-28 00:00:00+00:00,0.13007499277591705,1.700000029813964e-05,0.00017299999308306724,0.003544999985024333,2.8000000384054147e-05
2024-07-29 00:00:00+00:00,0.1286740005016327,1.700000029813964e-05,0.0001720000000204891,0.003102000104263425,2.700000004551839e-05
2024-07-30 00:00:00+00:00,0.12559500336647034,1.5999999959603883e-05,0.00016700000560376793,0.002876000013202429,2.5999999706982635e-05
2024-07-31 00:00:00+00:00,0.12201400101184845,1.5999999959603883e-05,0.0001610000035725534,0.002865999937057495,2.499999936844688e-05
2024-08-01 00:00:00+00:00,0.11923599988222122,1.5999999959603883e-05,0.00015799999528098851,0.002939000027254224,2.499999936844688e-05
2024-08-02 00:00:00+00:00,0.11150799691677094,1.4999999621068127e-05,0.00014099999680183828,0.0027340000960975885,2.2000000171829015e-05
2024-08-03 00:00:00+00:00,0.10816899687051773,1.4000000192027073e-05,0.00013099999341648072,0.0023449999280273914,2.099999983329326e-05
2024-08-04 00:00:00+00:00,0.10373300313949585,1.2999999853491317e-05,0.00012199999764561653,0.0025649999734014273,1.9999999494757503e-05
2024-08-05 00:00:00+00:00,0.0945030003786087,1.2999999853491317e-05,0.00011000000085914508,0.0023849999997764826,1.8000000636675395e-05
2024-08-06 00:00:00+00:00,0.09637100249528885,1.2999999853491317e-05,0.00012099999730708078,0.0025220001116394997,1.9999999494757503e-05
2024-08-07 00:00:00+00:00,0.09551499783992767,1.2999999853491317e-05,0.00011800000356743112,0.0024029999040067196,1.8999999156221747e-05
2024-08-08 00:00:00+00:00,0.10740400105714798,1.4000000192027073e-05,0.0001320000010309741,0.0029909999575465918,2.2000000171829015e-05
2024-08-09 00:00:00+00:00,0.10397399961948395,1.4000000192027073e-05,0.0001289999927394092,0.002974000060930848,2.099999983329326e-05
2024-08-10 00:00:00+00:00,0.10520199686288834,1.4000000192027073e-05,0.00012700000661425292,0.0030559999868273735,1.9999999494757503e-05
2024-08-11 00:00:00+00:00,0.10056599974632263,1.2999999853491317e-05,0.00011700000322889537,0.0030900000128895044,1.8999999156221747e-05
2024-08-12 00:00:00+00:00,0.1077670007944107,1.4000000192027073e-05,0.00012399999832268804,0.003671000013127923,1.9999999494757503e-05
2024-08-13 00:00:00+00:00,0.1064160019159317,1.4000000192027073e-05,0.0001230000052601099,0.004052000120282173,1.9999999494757503e-05
2024-08-14 00:00:00+00:00,0.10255499929189682,1.4000000192027073e-05,0.00011899999663000926,0.003602999961003661,1.8999999156221747e-05
2024-08-15 00:00:00+00:00,0.10026700049638748,1.2999999853491317e-05,0.00011600000289035961,0.004127999767661095,1.8999999156221747e-05
2024-08-16 00:00:00+00:00,0.10043899714946747,1.2999999853491317e-05,0.00011300000187475234,0.004408000037074089,1.8000000636675395e-05
2024-08-17 00:00:00+00:00,0.10275500267744064,1.2999999853491317e-05,0.00011500000255182385,0.0042420001700520515,1.8000000636675395e-05
2024-08-18 00:00:00+00:00,0.1001719981431961,1.2999999853491317e-05,0.00011500000255182385,0.0045369998551905155,1.8000000636675395e-05
2024-08-19 00:00:00+00:00,0.10150399804115295,1.2999999853491317e-05,0.00011600000289035961,0.007116000168025494,1.8000000636675395e-05
2024-08-20 00:00:00+00:00,0.10300099849700928,1.4000000192027073e-05,0.0001250000059371814,0.0047079999931156635,1.8000000636675395e-05
2024-08-21 00:00:00+00:00,0.10615699738264084,1.4000000192027073e-05,0.00012799999967683107,0.0040710000321269035,1.8999999156221747e-05
2024-08-22 00:00:00+00:00,0.10530800372362137,1.4000000192027073e-05,0.00013899999612476677,0.004455000162124634,1.8999999156221747e-05
2024-08-23 00:00:00+00:00,0.11292699724435806,1.4999999621068127e-05,0.00014800000644754618,0.004763000179082155,2.099999983329326e-05
2024-08-24 00:00:00+00:00,0.11263100057840347,1.5999999959603883e-05,0.0001539999939268455,0.004660999868065119,2.2000000171829015e-05
2024-08-25 00:00:00+00:00,0.10969799757003784,1.4999999621068127e-05,0.0001500000071246177,0.005264999810606241,2.099999983329326e-05
2024-08-26 00:00:00+00:00,0.10529199987649918,1.4999999621068127e-05,0.00014800000644754618,0.004920999985188246,1.9999999494757503e-05
2024-08-27 00:00:00+00:00,0.09905599802732468,1.4000000192027073e-05,0.00014699999883305281,0.005229999776929617,1.8000000636675395e-05
2024-08-28 00:00:00+00:00,0.09962700307369232,1.4000000192027073e-05,0.00015500000154133886,0.004889000207185745,1.8000000636675395e-05
2024-08-29 00:00:00+00:00,0.10042499750852585,1.4000000192027073e-05,0.00013699999544769526,0.006014999933540821,1.8000000636675395e-05
2024-08-30 00:00:00+00:00,0.10204300284385681,1.4000000192027073e-05,0.00012700000661425292,0.0062870001420378685,1.8000000636675395e-05
2024-08-31 00:00:00+00:00,0.10133200138807297,1.4000000192027073e-05,0.0001250000059371814,0.007619999814778566,1.700000029813964e-05
2024-09-01 00:00:00+00:00,0.09535399824380875,1.2999999853491317e-05,0.00011700000322889537,0.006264999974519014,1.5999999959603883e-05
2024-09-02 00:00:00+00:00,0.09911499917507172,1.4000000192027073e-05,0.00012199999764561653,0.006814999971538782,1.8000000636675395e-05
2024-09-03 00:00:00+00:00,0.09671899676322937,1.2999999853491317e-05,0.00011899999663000926,0.006864999886602163,1.700000029813964e-05
2024-09-04 00:00:00+00:00,0.09802500158548355,1.4000000192027073e-05,0.00012199999764561653,0.007185999769717455,1.700000029813964e-05
2024-09-05 00:00:00+00:00,0.0983090028166771,1.2999999853491317e-05,0.00011899999663000926,0.006802999880164862,1.5999999959603883e-05
2024-09-06 00:00:00+00:00,0.0924839973449707,1.2999999853491317e-05,0.00011500000255182385,0.003558000084012747,1.5999999959603883e-05
2024-09-07 00:00:00+00:00,0.09526100009679794,1.2999999853491317e-05,0.00011800000356743112,0.004023000132292509,1.5999999959603883e-05
2024-09-08 00:00:00+00:00,0.0960799977183342,1.2999999853491317e-05,0.0001230000052601099,0.0033809999004006386,1.5999999959603883e-05
2024-09-09 00:00:00+00:00,0.10382899641990662,1.4000000192027073e-05,0.00012799999967683107,0.003630999941378832,1.700000029813964e-05
2024-09-10 00:00:00+00:00,0.1027119979262352,1.4000000192027073e-05,0.00012700000661425292,0.0030720001086592674,1.700000029813964e-05
2024-09-11 00:00:00+00:00,0.10137800127267838,1.2999999853491317e-05,0.0001230000052601099,0.0028520000632852316,1.700000029813964e-05
2024-09-12 00:00:00+00:00,0.10279899835586548,1.4000000192027073e-05,0.0001250000059371814,0.003252000082284212,1.700000029813964e-05
2024-09-13 00:00:00+00:00,0.10711400210857391,1.4000000192027073e-05,0.00013099999341648072,0.0032569998875260353,1.8000000636675395e-05
2024-09-14 00:00:00+00:00,0.10546699911355972,1.4000000192027073e-05,0.0001250000059371814,0.003010000102221966,1.700000029813964e-05
2024-09-15 00:00:00+00:00,0.10293299704790115,1.2999999853491317e-05,0.00012099999730708078,0.0028979999478906393,1.5999999959603883e-05
2024-09-16 00:00:00+00:00,0.09969300031661987,1.2999999853491317e-05,0.00011899999663000926,0.002718999981880188,1.5999999959603883e-05
2024-09-17 00:00:00+00:00,0.10113699734210968,1.2999999853491317e-05,0.00012199999764561653,0.002641000086441636,1.700000029813964e-05
2024-09-18 00:00:00+00:00,0.10358499735593796,1.4000000192027073e-05,0.00012799999967683107,0.0023960000835359097,1.700000029813964e-05
2024-09-19 00:00:00+00:00,0.10503099858760834,1.4000000192027073e-05,0.00013099999341648072,0.002374999923631549,1.8000000636675395e-05
2024-09-20 00:00:00+00:00,0.10547100007534027,1.4000000192027073e-05,0.0001340000017080456,0.002650999929755926,1.8000000636675395e-05
2024-09-21 00:00:00+00:00,0.11004900187253952,1.4999999621068127e-05,0.00013600000238511711,0.002575000049546361,1.8000000636675395e-05
2024-09-22 00:00:00+00:00,0.1063390001654625,1.4999999621068127e-05,0.00013000000035390258,0.0028510000556707382,1.700000029813964e-05
2024-09-23 00:00:00+00:00,0.1081560030579567,1.4000000192027073e-05,0.0001340000017080456,0.002764000091701746,1.8000000636675395e-05
2024-09-24 00:00:00+00:00,0.10977499932050705,1.4999999621068127e-05,0.00014200000441633165,0.0028009999077767134,1.8999999156221747e-05
2024-09-25 00:00:00+00:00,0.10850399732589722,1.4999999621068127e-05,0.00013800000306218863,0.002466999925673008,1.8999999156221747e-05
2024-09-26 00:00:00+00:00,0.11817599833011627,1.8999999156221747e-05,0.0001500000071246177,0.0032870001159608364,2.099999983329326e-05
2024-09-27 00:00:00+00:00,0.12371399998664856,1.9999999494757503e-05,0.00016799999866634607,0.0033130000811070204,2.300000051036477e-05
2024-09-28 00:00:00+00:00,0.12867100536823273,1.9999999494757503e-05,0.00016999999934341758,0.003258999902755022,2.4000000848900527e-05
2024-09-29 00:00:00+00:00,0.1246739998459816,1.8999999156221747e-05,0.00016199999663513154,0.003100000089034438,2.300000051036477e-05
2024-09-30 00:00:00+00:00,0.11442799866199493,1.8000000636675395e-05,0.00015300000086426735,0.0034469999372959137,2.4000000848900527e-05
2024-10-01 00:00:00+00:00,0.10704299807548523,1.5999999959603883e-05,0.00013699999544769526,0.002644000109285116,2.4000000848900527e-05
2024-10-02 00:00:00+00:00,0.10475900024175644,1.5999999959603883e-05,0.0001340000017080456,0.0025909999385476112,2.2000000171829015e-05
2024-10-03 00:00:00+00:00,0.10509900003671646,1.5999999959603883e-05,0.00012799999967683107,0.002621999941766262,1.9999999494757503e-05
2024-10-04 00:00:00+00:00,0.10926400125026703,1.700000029813964e-05,0.00013600000238511711,0.002859999891370535,2.2000000171829015e-05
2024-10-05 00:00:00+00:00,0.10948699712753296,1.700000029813964e-05,0.00013299999409355223,0.002947000088170171,2.099999983329326e-05
2024-10-06 00:00:00+00:00,0.1114799976348877,1.8000000636675395e-05,0.00014000000373926014,0.0029360000044107437,2.2000000171829015e-05
2024-10-07 00:00:00+00:00,0.10865499824285507,1.700000029813964e-05,0.00013699999544769526,0.002966000000014901,2.099999983329326e-05
2024-10-08 00:00:00+00:00,0.10704399645328522,1.700000029813964e-05,0.00013499999477062374,0.002764000091701746,2.099999983329326e-05
2024-10-09 00:00:00+00:00,0.10793899744749069,1.700000029813964e-05,0.00013000000035390258,0.0028200000524520874,1.9999999494757503e-05
2024-10-10 00:00:00+00:00,0.10598000138998032,1.700000029813964e-05,0.00013099999341648072,0.0029639999847859144,1.9999999494757503e-05
2024-10-11 00:00:00+00:00,0.11073300242424011,1.8000000636675395e-05,0.00013699999544769526,0.002993999980390072,2.2000000171829015e-05
2024-10-12 00:00:00+00:00,0.11141599714756012,1.8000000636675395e-05,0.00014000000373926014,0.003017999930307269,2.2000000171829015e-05
2024-10-13 00:00:00+00:00,0.11133600026369095,1.8000000636675395e-05,0.00013699999544769526,0.002962999977171421,2.099999983329326e-05
2024-10-14 00:00:00+00:00,0.11665400117635727,1.8999999156221747e-05,0.00015300000086426735,0.0030539999715983868,2.300000051036477e-05
2024-10-15 00:00:00+00:00,0.11752700060606003,1.8000000636675395e-05,0.00014800000644754618,0.0030509999487549067,2.2000000171829015e-05
2024-10-16 00:00:00+00:00,0.12577299773693085,1.8999999156221747e-05,0.00014899999951012433,0.0031169999856501818,2.4000000848900527e-05
2024-10-17 00:00:00+00:00,0.12965799868106842,1.8000000636675395e-05,0.00014200000441633165,0.0030799999367445707,2.2000000171829015e-05
2024-10-18 00:00:00+00:00,0.13721300661563873,1.8999999156221747e-05,0.00015199999324977398,0.0026740001048892736,2.4000000848900527e-05
2024-10-19 00:00:00+00:00,0.14452700316905975,1.8999999156221747e-05,0.00015799999528098851,0.0026740001048892736,2.300000051036477e-05
2024-10-20 00:00:00+00:00,0.14208300411701202,1.8999999156221747e-05,0.00015799999528098851,0.0029730000533163548,2.4000000848900527e-05
2024-10-21 00:00:00+00:00,0.14369000494480133,1.8000000636675395e-05,0.00015100000018719584,0.002911000046879053,2.300000051036477e-05
2024-10-22 00:00:00+00:00,0.13950799405574799,1.8000000636675395e-05,0.00014899999951012433,0.0028899998869746923,2.300000051036477e-05
2024-10-23 00:00:00+00:00,0.138496994972229,1.8000000636675395e-05,0.00014200000441633165,0.002753000007942319,2.2000000171829015e-05
2024-10-24 00:00:00+00:00,0.14198699593544006,1.8000000636675395e-05,0.00014699999883305281,0.0025820001028478146,2.300000051036477e-05
2024-10-25 00:00:00+00:00,0.13101300597190857,1.700000029813964e-05,0.00013099999341648072,0.002454000059515238,1.9999999494757503e-05
2024-10-26 00:00:00+00:00,0.13735699653625488,1.700000029813964e-05,0.00013299999409355223,0.002500999951735139,2.099999983329326e-05
2024-10-27 00:00:00+00:00,0.14431199431419373,1.700000029813964e-05,0.00013499999477062374,0.0031159999780356884,2.099999983329326e-05
2024-10-28 00:00:00+00:00,0.1611499935388565,1.8000000636675395e-05,0.00014200000441633165,0.0032190000638365746,2.099999983329326e-05
2024-10-29 00:00:00+00:00,0.17583900690078735,1.8999999156221747e-05,0.00014699999883305281,0.0036269999109208584,2.2000000171829015e-05
2024-10-30 00:00:00+00:00,0.16814599931240082,1.8000000636675395e-05,0.0001449999981559813,0.004317000042647123,2.099999983329326e-05
2024-10-31 00:00:00+00:00,0.16137200593948364,1.8000000636675395e-05,0.00013899999612476677,0.004918999969959259,1.9999999494757503e-05
2024-11-01 00:00:00+00:00,0.1591850072145462,1.8000000636675395e-05,0.00013499999477062374,0.004118000157177448,1.8999999156221747e-05
2024-11-02 00:00:00+00:00,0.15931600332260132,1.700000029813964e-05,0.00013099999341648072,0.004767000209540129,1.8999999156221747e-05
2024-11-03 00:00:00+00:00,0.15145400166511536,1.700000029813964e-05,0.00012199999764561653,0.0048940000124275684,1.8000000636675395e-05
2024-11-04 00:00:00+00:00,0.1583459973335266,1.700000029813964e-05,0.00011700000322889537,0.004927000030875206,1.8000000636675395e-05
2024-11-05 00:00:00+00:00,0.17017999291419983,1.8000000636675395e-05,0.0001250000059371814,0.003601999953389168,1.8999999156221747e-05
2024-11-06 00:00:00+00:00,0.19665800034999847,1.8999999156221747e-05,0.00014400000509340316,0.0017470000311732292,2.300000051036477e-05
2024-11-07 00:00:00+00:00,0.19315899908542633,1.8999999156221747e-05,0.0001429999974789098,0.00107999995816499,2.300000051036477e-05
2024-11-08 00:00:00+00:00,0.20213200151920319,1.8999999156221747e-05,0.00014000000373926014,0.0019409999949857593,2.2000000171829015e-05
2024-11-09 00:00:00+00:00,0.21876099705696106,1.9999999494757503e-05,0.0001449999981559813,0.0015150000108405948,2.2000000171829015e-05
2024-11-10 00:00:00+00:00,0.27909499406814575,2.5999999706982635e-05,0.00018000000272877514,0.0016250000335276127,2.499999936844688e-05
2024-11-11 00:00:00+00:00,0.3495210111141205,2.8000000384054147e-05,0.0001829999964684248,0.0014939999673515558,2.700000004551839e-05
2024-11-12 00:00:00+00:00,0.3822210133075714,2.700000004551839e-05,0.0002119999990100041,0.0012550000101327896,3.7999998312443495e-05
2024-11-13 00:00:00+00:00,0.399522989988327,2.5999999706982635e-05,0.00023600000713486224,0.0010920000495389104,3.7999998312443495e-05
2024-11-14 00:00:00+00:00,0.36164599657058716,2.300000051036477e-05,0.00021600000036414713,0.0011579999700188637,3.600000127335079e-05
2024-11-15 00:00:00+00:00,0.37918901443481445,2.499999936844688e-05,0.00026000000070780516,0.001554999966174364,4.5000000682193786e-05
2024-11-16 00:00:00+00:00,0.3637480139732361,2.499999936844688e-05,0.0002469999890308827,0.001357999979518354,4.8000001697801054e-05
2024-11-17 00:00:00+00:00,0.3665600121021271,2.499999936844688e-05,0.00025599999935366213,0.0013360000448301435,5.0999999075429514e-05
2024-11-18 00:00:00+00:00,0.37174099683761597,2.499999936844688e-05,0.00024900000425986946,0.0010689999908208847,4.8000001697801054e-05
2024-11-19 00:00:00+00:00,0.3913559913635254,2.499999936844688e-05,0.0002479999966453761,0.0010760000441223383,5.199999941396527e-05
2024-11-20 00:00:00+00:00,0.37749698758125305,2.4000000848900527e-05,0.00026500000967644155,0.0010450000409036875,4.8999998398358e-05
2024-11-21 00:00:00+00:00,0.38761699199676514,2.499999936844688e-05,0.00026000000070780516,0.0010400000028312206,5.400000009103678e-05
2024-11-22 00:00:00+00:00,0.41292399168014526,2.499999936844688e-05,0.00024900000425986946,0.001041000010445714,4.999999873689376e-05
2024-11-23 00:00:00+00:00,0.4300119876861572,2.5999999706982635e-05,0.0002469999890308827,0.001155999954789877,4.8000001697801054e-05
2024-11-24 00:00:00+00:00,0.4298819899559021,2.5999999706982635e-05,0.00023700000019744039,0.0010219999821856618,4.8000001697801054e-05
2024-11-25 00:00:00+00:00,0.39333999156951904,2.499999936844688e-05,0.00022200000239536166,0.0010310000507161021,4.3000000005122274e-05
2024-11-26 00:00:00+00:00,0.3876180052757263,2.4000000848900527e-05,0.00021399999968707561,0.0010110000148415565,4.3000000005122274e-05
2024-11-27 00:00:00+00:00,0.40152499079704285,2.5999999706982635e-05,0.00022600000374950469,0.0010509999701753259,4.400000034365803e-05
2024-11-28 00:00:00+00:00,0.4020180106163025,2.5999999706982635e-05,0.00022200000239536166,0.000957000011112541,4.3000000005122274e-05
2024-11-29 00:00:00+00:00,0.42583900690078735,2.5999999706982635e-05,0.00023099999816622585,0.0014570000348612666,4.70000013592653e-05
2024-11-30 00:00:00+00:00,0.42197099328041077,2.700000004551839e-05,0.0002300000051036477,0.001193000003695488,4.5000000682193786e-05
2024-12-01 00:00:00+00:00,0.4400230050086975,3.099999958067201e-05,0.0002410000015515834,0.0016509999986737967,4.600000102072954e-05
2024-12-02 00:00:00+00:00,0.42467001080513,2.9999999242136255e-05,0.00022699999681208283,0.0014029999729245901,4.3000000005122274e-05
2024-12-03 00:00:00+00:00,0.4078820049762726,2.9000000722589903e-05,0.00022499999613501132,0.001636000000871718,4.199999966658652e-05
2024-12-04 00:00:00+00:00,0.4319570064544678,3.300000025774352e-05,0.00023600000713486224,0.0017040000529959798,4.199999966658652e-05
2024-12-05 00:00:00+00:00,0.4305860102176666,3.099999958067201e-05,0.00023099999816622585,0.0018530000234022737,4.199999966658652e-05
2024-12-06 00:00:00+00:00,0.43570899963378906,3.099999958067201e-05,0.00023700000019744039,0.0019399999873712659,4.3000000005122274e-05
2024-12-07 00:00:00+00:00,0.4538869857788086,3.199999991920777e-05,0.0002579999854788184,0.0022140000946819782,4.70000013592653e-05
2024-12-08 00:00:00+00:00,0.4672969877719879,3.199999991920777e-05,0.0002589999930933118,0.0017689999658614397,4.600000102072954e-05
2024-12-09 00:00:00+00:00,0.41471898555755615,2.700000004551839e-05,0.00023799999326001853,0.0017559999832883477,3.899999865097925e-05
2024-12-10 00:00:00+00:00,0.39452001452445984,2.700000004551839e-05,0.00022200000239536166,0.0017460000235587358,3.600000127335079e-05
2024-12-11 00:00:00+00:00,0.41449201107025146,2.9000000722589903e-05,0.00024300000222865492,0.0016129999421536922,3.899999865097925e-05
2024-12-12 00:00:00+00:00,0.40654799342155457,2.8000000384054147e-05,0.0002390000008745119,0.0016720000421628356,3.7999998312443495e-05
2024-12-13 00:00:00+00:00,0.40908101201057434,2.9000000722589903e-05,0.00024399999529123306,0.0015369999455288053,3.899999865097925e-05
2024-12-14 00:00:00+00:00,0.39797601103782654,2.700000004551839e-05,0.0002469999890308827,0.0014140000566840172,3.600000127335079e-05
2024-12-15 00:00:00+00:00,0.4062719941139221,2.8000000384054147e-05,0.00023200000578071922,0.0016410000389441848,3.7000001611886546e-05
2024-12-16 00:00:00+00:00,0.4019339978694916,2.700000004551839e-05,0.00022699999681208283,0.001630999962799251,3.7000001611886546e-05
2024-12-17 00:00:00+00:00,0.394336998462677,2.5999999706982635e-05,0.00021899999410379678,0.0015320000238716602,3.600000127335079e-05
2024-12-18 00:00:00+00:00,0.358038991689682,2.4000000848900527e-05,0.0001900000061141327,0.0012509999796748161,3.099999958067201e-05
2024-12-19 00:00:00+00:00,0.31506600975990295,2.2000000171829015e-05,0.00016900000628083944,0.001117000007070601,2.9000000722589903e-05
2024-12-20 00:00:00+00:00,0.3177129924297333,2.2000000171829015e-05,0.00017699999443721026,0.001180000021122396,3.300000025774352e-05
2024-12-21 00:00:00+00:00,0.32095101475715637,2.2000000171829015e-05,0.00016700000560376793,0.0012799999676644802,2.9999999242136255e-05
2024-12-22 00:00:00+00:00,0.31219199299812317,2.099999983329326e-05,0.00016700000560376793,0.0011419999646022916,3.099999958067201e-05
2024-12-23 00:00:00+00:00,0.3242189884185791,2.2000000171829015e-05,0.00017800000205170363,0.0014690000098198652,3.199999991920777e-05
2024-12-24 00:00:00+00:00,0.3369239866733551,2.300000051036477e-05,0.00018099999579135329,0.0014250000240281224,3.300000025774352e-05
2024-12-25 00:00:00+00:00,0.33431899547576904,2.300000051036477e-05,0.00017800000205170363,0.0015660000499337912,3.300000025774352e-05
2024-12-26 00:00:00+00:00,0.31225600838661194,2.2000000171829015e-05,0.0001720000000204891,0.0014260000316426158,2.9999999242136255e-05
2024-12-27 00:00:00+00:00,0.31103599071502686,2.2000000171829015e-05,0.00017499999376013875,0.0015770000172778964,3.199999991920777e-05
2024-12-28 00:00:00+00:00,0.32391899824142456,2.2000000171829015e-05,0.00018099999579135329,0.0017790000420063734,3.300000025774352e-05
2024-12-29 00:00:00+00:00,0.31431999802589417,2.099999983329326e-05,0.00017100000695791095,0.0017190000507980585,3.099999958067201e-05
2024-12-30 00:00:00+00:00,0.31351399421691895,2.099999983329326e-05,0.0001740000006975606,0.0018319999799132347,3.099999958067201e-05
2024-12-31 00:00:00+00:00,0.31568101048469543,2.099999983329326e-05,0.00017699999443721026,0.0020979999098926783,3.099999958067201e-05
2025-01-01 00:00:00+00:00,0.32430601119995117,2.2000000171829015e-05,0.00017800000205170363,0.0019409999949857593,2.9999999242136255e-05
2025-01-02 00:00:00+00:00,0.3386099934577942,2.300000051036477e-05,0.00018400000408291817,0.0024480000138282776,3.199999991920777e-05
2025-01-03 00:00:00+00:00,0.3792789876461029,2.4000000848900527e-05,0.0002010000025620684,0.002859999891370535,3.600000127335079e-05
2025-01-04 00:00:00+00:00,0.39474600553512573,2.4000000848900527e-05,0.0001990000018849969,0.002257999964058399,3.600000127335079e-05
2025-01-05 00:00:00+00:00,0.3825629949569702,2.4000000848900527e-05,0.0001990000018849969,0.002503999974578619,3.400000059627928e-05
2025-01-06 00:00:00+00:00,0.38795700669288635,2.4000000848900527e-05,0.00020199999562464654,0.0027779999654740095,3.5000000934815034e-05
2025-01-07 00:00:00+00:00,0.34843701124191284,2.2000000171829015e-05,0.00017699999443721026,0.0029360000044107437,3.099999958067201e-05
2025-01-08 00:00:00+00:00,0.34224799275398254,2.099999983329326e-05,0.00016700000560376793,0.0028589998837560415,2.9000000722589903e-05
2025-01-09 00:00:00+00:00,0.3209120035171509,2.099999983329326e-05,0.00016199999663513154,0.0026519999373704195,2.700000004551839e-05
2025-01-10 00:00:00+00:00,0.3339810073375702,2.2000000171829015e-05,0.00016500000492669642,0.0024300001095980406,2.8000000384054147e-05
2025-01-11 00:00:00+00:00,0.34095498919487,2.2000000171829015e-05,0.00016599999798927456,0.0027360001113265753,2.8000000384054147e-05
2025-01-12 00:00:00+00:00,0.33595898747444153,2.2000000171829015e-05,0.0001630000042496249,0.002512000035494566,2.8000000384054147e-05
2025-01-13 00:00:00+00:00,0.3382990062236786,2.099999983329326e-05,0.00015500000154133886,0.00241800001822412,2.5999999706982635e-05
2025-01-14 00:00:00+00:00,0.3561199903488159,2.2000000171829015e-05,0.00016199999663513154,0.002469999948516488,2.700000004551839e-05
2025-01-15 00:00:00+00:00,0.3857100009918213,2.300000051036477e-05,0.0001720000000204891,0.002374999923631549,2.9000000722589903e-05
2025-01-16 00:00:00+00:00,0.3767479956150055,2.2000000171829015e-05,0.00016900000628083944,0.0026229999493807554,2.8000000384054147e-05
2025-01-17 00:00:00+00:00,0.41593900322914124,2.4000000848900527e-05,0.0001849999971454963,0.0026910000015050173,3.300000025774352e-05
2025-01-18 00:00:00+00:00,0.39608100056648254,2.300000051036477e-05,0.00016799999866634607,0.001108999946154654,3.400000059627928e-05
2025-01-19 00:00:00+00:00,0.35775700211524963,1.9999999494757503e-05,0.00014400000509340316,0.0009379999828524888,3.199999991920777e-05
2025-01-20 00:00:00+00:00,0.3546079993247986,1.9999999494757503e-05,0.00014099999680183828,0.0006680000224150717,2.9999999242136255e-05
2025-01-21 00:00:00+00:00,0.3715769946575165,2.099999983329326e-05,0.00014600000577047467,0.0005959999980404973,3.199999991920777e-05
2025-01-22 00:00:00+00:00,0.3630560040473938,1.9999999494757503e-05,0.00014200000441633165,0.000577000027988106,3.199999991920777e-05
2025-01-23 00:00:00+00:00,0.3523530066013336,1.9999999494757503e-05,0.00014099999680183828,0.0005709999823011458,3.099999958067201e-05
2025-01-24 00:00:00+00:00,0.350739985704422,1.9999999494757503e-05,0.00013699999544769526,0.0005939999828115106,2.9999999242136255e-05
2025-01-25 00:00:00+00:00,0.3537760078907013,1.9999999494757503e-05,0.00013699999544769526,0.0005709999823011458,2.9000000722589903e-05
2025-01-26 00:00:00+00:00,0.336326003074646,1.8999999156221747e-05,0.00013000000035390258,0.0005750000127591193,2.700000004551839e-05
2025-01-27 00:00:00+00:00,0.33382201194763184,1.8999999156221747e-05,0.00012799999967683107,0.0005709999823011458,2.5999999706982635e-05
2025-01-28 00:00:00+00:00,0.31907400488853455,1.8000000636675395e-05,0.0001140000022132881,0.0005709999823011458,2.300000051036477e-05
2025-01-29 00:00:00+00:00,0.32386401295661926,1.8000000636675395e-05,0.0001230000052601099,0.0005709999823011458,2.4000000848900527e-05
2025-01-30 00:00:00+00:00,0.331508994102478,1.8999999156221747e-05,0.0001250000059371814,0.0005709999823011458,2.499999936844688e-05
2025-01-31 00:00:00+00:00,0.32872799038887024,1.8999999156221747e-05,0.00013499999477062374,0.0005740000051446259,2.499999936844688e-05
2025-02-01 00:00:00+00:00,0.30835700035095215,1.8000000636675395e-05,0.00011999999696854502,0.0005699999746866524,2.2000000171829015e-05
2025-02-02 00:00:00+00:00,0.26750901341438293,1.4999999621068127e-05,9.999999747378752e-05,0.0005719999899156392,1.8999999156221747e-05
2025-02-03 00:00:00+00:00,0.28500398993492126,1.700000029813964e-05,0.00010599999950500205,0.0005740000051446259,1.9999999494757503e-05
2025-02-04 00:00:00+00:00,0.26414400339126587,1.5999999959603883e-05,9.7999996796716e-05,0.0005699999746866524,1.8000000636675395e-05
2025-02-05 00:00:00+00:00,0.25623300671577454,1.5999999959603883e-05,9.40000027185306e-05,0.0005699999746866524,1.8000000636675395e-05
2025-02-06 00:00:00+00:00,0.24808399379253387,1.4999999621068127e-05,8.70000003487803e-05,0.0005709999823011458,1.700000029813964e-05
2025-02-07 00:00:00+00:00,0.24661299586296082,1.4999999621068127e-05,8.70000003487803e-05,0.0005699999746866524,1.700000029813964e-05
2025-02-08 00:00:00+00:00,0.25326600670814514,1.5999999959603883e-05,9.200000204145908e-05,0.0005709999823011458,1.8000000636675395e-05
2025-02-09 00:00:00+00:00,0.24929000437259674,1.5999999959603883e-05,9.40000027185306e-05,0.0005699999746866524,1.700000029813964e-05
2025-02-10 00:00:00+00:00,0.25525999069213867,1.5999999959603883e-05,9.500000305706635e-05,0.0005699999746866524,1.700000029813964e-05
2025-02-11 00:00:00+00:00,0.2531220018863678,1.5999999959603883e-05,9.200000204145908e-05,0.0005699999746866524,1.8000000636675395e-05
2025-02-12 00:00:00+00:00,0.26412200927734375,1.700000029813964e-05,0.00010099999781232327,0.0005699999746866524,1.8000000636675395e-05
2025-02-13 00:00:00+00:00,0.26249200105667114,1.5999999959603883e-05,9.699999645818025e-05,0.0005699999746866524,1.8000000636675395e-05
2025-02-14 00:00:00+00:00,0.271928995847702,1.700000029813964e-05,9.999999747378752e-05,0.0005719999899156392,1.8999999156221747e-05
2025-02-15 00:00:00+00:00,0.27172398567199707,1.5999999959603883e-05,9.699999645818025e-05,0.0005699999746866524,1.8000000636675395e-05
2025-02-16 00:00:00+00:00,0.2657400071620941,1.5999999959603883e-05,9.40000027185306e-05,0.0005699999746866524,1.700000029813964e-05
2025-02-17 00:00:00+00:00,0.2581480145454407,1.5999999959603883e-05,9.600000339560211e-05,0.0005699999746866524,1.700000029813964e-05
2025-02-18 00:00:00+00:00,0.2509010136127472,1.4999999621068127e-05,9.300000237999484e-05,0.0005709999823011458,1.4999999621068127e-05
2025-02-19 00:00:00+00:00,0.2547680139541626,1.4999999621068127e-05,9.600000339560211e-05,0.0005699999746866524,1.5999999959603883e-05
2025-02-20 00:00:00+00:00,0.2548600137233734,1.5999999959603883e-05,9.699999645818025e-05,0.0005699999746866524,1.5999999959603883e-05
2025-02-21 00:00:00+00:00,0.23930799961090088,1.4999999621068127e-05,9.300000237999484e-05,0.0005699999746866524,1.4999999621068127e-05
2025-02-22 00:00:00+00:00,0.2467229962348938,1.5999999959603883e-05,9.7999996796716e-05,0.0005699999746866524,1.5999999959603883e-05
2025-02-23 00:00:00+00:00,0.24302299320697784,1.4999999621068127e-05,9.40000027185306e-05,0.0005699999746866524,1.5999999959603883e-05
2025-02-24 00:00:00+00:00,0.21035900712013245,1.4000000192027073e-05,8.199999865610152e-05,0.0005699999746866524,1.2999999853491317e-05
2025-02-25 00:00:00+00:00,0.2123890072107315,1.4000000192027073e-05,8.299999899463728e-05,0.0005699999746866524,1.2999999853491317e-05
2025-02-26 00:00:00+00:00,0.2055409997701645,1.4000000192027073e-05,8.299999899463728e-05,0.0005699999746866524,1.2999999853491317e-05
2025-02-27 00:00:00+00:00,0.20682400465011597,1.4000000192027073e-05,8.299999899463728e-05,0.0005699999746866524,1.2999999853491317e-05
2025-02-28 00:00:00+00:00,0.20196300745010376,1.4000000192027073e-05,8.199999865610152e-05,0.0005699999746866524,1.4000000192027073e-05
2025-03-01 00:00:00+00:00,0.20653699338436127,1.4000000192027073e-05,7.999999797903001e-05,0.0005699999746866524,1.4000000192027073e-05
2025-03-02 00:00:00+00:00,0.2392670065164566,1.4999999621068127e-05,8.800000068731606e-05,0.0005699999746866524,1.5999999959603883e-05
2025-03-03 00:00:00+00:00,0.19907599687576294,1.2999999853491317e-05,7.400000322377309e-05,0.0005699999746866524,1.2000000424450263e-05
2025-03-04 00:00:00+00:00,0.19914600253105164,1.2999999853491317e-05,7.300000288523734e-05,0.0005699999746866524,1.2000000424450263e-05
2025-03-05 00:00:00+00:00,0.20472000539302826,1.2999999853491317e-05,7.500000356230885e-05,0.0005699999746866524,1.2000000424450263e-05
2025-03-06 00:00:00+00:00,0.2017270028591156,1.2999999853491317e-05,7.300000288523734e-05,0.0005699999746866524,1.2000000424450263e-05
2025-03-07 00:00:00+00:00,0.19797299802303314,1.2999999853491317e-05,7.100000220816582e-05,0.0005699999746866524,1.2000000424450263e-05
2025-03-08 00:00:00+00:00,0.19217200577259064,1.2999999853491317e-05,6.900000153109431e-05,0.0005699999746866524,1.2000000424450263e-05
2025-03-09 00:00:00+00:00,0.16780300438404083,1.2000000424450263e-05,5.900000178371556e-05,0.0005699999746866524,9.999999747378752e-06
2025-03-10 00:00:00+00:00,0.1540600061416626,1.2000000424450263e-05,5.700000110664405e-05,0.0005699999746866524,9.999999747378752e-06
2025-03-11 00:00:00+00:00,0.16416600346565247,1.2000000424450263e-05,6.0999998822808266e-05,0.0005699999746866524,9.999999747378752e-06
2025-03-12 00:00:00+00:00,0.17238099873065948,1.2000000424450263e-05,6.199999916134402e-05,0.0005699999746866524,1.1000000085914508e-05
2025-03-13 00:00:00+00:00,0.1650650054216385,1.2000000424450263e-05,5.999999848427251e-05,0.0005699999746866524,9.999999747378752e-06
2025-03-14 00:00:00+00:00,0.17179900407791138,1.2999999853491317e-05,6.199999916134402e-05,0.0005699999746866524,1.1000000085914508e-05
2025-03-15 00:00:00+00:00,0.1760679930448532,1.2999999853491317e-05,6.299999949987978e-05,0.0005699999746866524,1.1000000085914508e-05
2025-03-16 00:00:00+00:00,0.16823500394821167,1.2999999853491317e-05,5.900000178371556e-05,0.0005699999746866524,9.999999747378752e-06
2025-03-17 00:00:00+00:00,0.17346499860286713,1.2999999853491317e-05,6.199999916134402e-05,0.0005699999746866524,1.1000000085914508e-05
2025-03-18 00:00:00+00:00,0.16802899539470673,1.2999999853491317e-05,6.199999916134402e-05,0.00056900002527982,1.1000000085914508e-05
2025-03-19 00:00:00+00:00,0.1780650019645691,1.2999999853491317e-05,6.399999983841553e-05,0.0005699999746866524,1.2000000424450263e-05
2025-03-20 00:00:00+00:00,0.1693509966135025,1.2999999853491317e-05,6.299999949987978e-05,0.0005699999746866524,1.2000000424450263e-05
2025-03-21 00:00:00+00:00,0.16706199944019318,1.2999999853491317e-05,6.199999916134402e-05,0.0005699999746866524,1.2000000424450263e-05
2025-03-22 00:00:00+00:00,0.16734300553798676,1.2999999853491317e-05,6.199999916134402e-05,0.0005699999746866524,1.2000000424450263e-05
2025-03-23 00:00:00+00:00,0.17225299775600433,1.2999999853491317e-05,6.299999949987978e-05,0.0005699999746866524,1.4000000192027073e-05
2025-03-24 00:00:00+00:00,0.18288899958133698,1.4000000192027073e-05,6.800000119255856e-05,0.0005699999746866524,1.4000000192027073e-05
2025-03-25 00:00:00+00:00,0.1909099966287613,1.4000000192027073e-05,6.800000119255856e-05,0.0005680000176653266,1.4000000192027073e-05
2025-03-26 00:00:00+00:00,0.19479799270629883,1.4000000192027073e-05,7.000000186963007e-05,0.0005699999746866524,1.4000000192027073e-05
2025-03-27 00:00:00+00:00,0.19049499928951263,1.4000000192027073e-05,7.000000186963007e-05,0.0005699999746866524,1.4000000192027073e-05
2025-03-28 00:00:00+00:00,0.18018999695777893,1.2999999853491317e-05,6.199999916134402e-05,0.0005699999746866524,1.2000000424450263e-05
2025-03-29 00:00:00+00:00,0.16956500709056854,1.2999999853491317e-05,5.8000001445179805e-05,0.0005699999746866524,1.1000000085914508e-05
2025-03-30 00:00:00+00:00,0.16631899774074554,1.2000000424450263e-05,5.8000001445179805e-05,0.0005699999746866524,1.1000000085914508e-05
2025-03-31 00:00:00+00:00,0.16671499609947205,1.2000000424450263e-05,5.900000178371556e-05,0.0005699999746866524,1.1000000085914508e-05
2025-04-01 00:00:00+00:00,0.17408600449562073,1.2999999853491317e-05,5.999999848427251e-05,0.0005699999746866524,1.2000000424450263e-05
2025-04-02 00:00:00+00:00,0.1641950011253357,1.2000000424450263e-05,5.500000042957254e-05,0.0005699999746866524,1.1000000085914508e-05
2025-04-03 00:00:00+00:00,0.1620599925518036,1.2000000424450263e-05,5.500000042957254e-05,0.0005699999746866524,1.1000000085914508e-05
2025-04-04 00:00:00+00:00,0.171097993850708,1.2000000424450263e-05,5.700000110664405e-05,0.0005699999746866524,1.1000000085914508e-05
2025-04-05 00:00:00+00:00,0.16902700066566467,1.2000000424450263e-05,5.6000000768108293e-05,0.00056900002527982,1.1000000085914508e-05
2025-04-06 00:00:00+00:00,0.14884500205516815,1.1000000085914508e-05,4.8999998398358e-05,0.0005699999746866524,9.999999747378752e-06
2025-04-07 00:00:00+00:00,0.14952099323272705,1.1000000085914508e-05,5.0999999075429514e-05,0.0005699999746866524,9.999999747378752e-06
2025-04-08 00:00:00+00:00,0.14210699498653412,1.1000000085914508e-05,4.70000013592653e-05,0.0005699999746866524,9.999999747378752e-06
2025-04-09 00:00:00+00:00,0.16037100553512573,1.2000000424450263e-05,5.400000009103678e-05,0.0005699999746866524,1.1000000085914508e-05
2025-04-10 00:00:00+00:00,0.15366600453853607,1.2000000424450263e-05,5.199999941396527e-05,0.00036299999919719994,1.1000000085914508e-05
2025-04-11 00:00:00+00:00,0.16008900105953217,1.2000000424450263e-05,5.500000042957254e-05,0.00034500000765547156,1.2999999853491317e-05
2025-04-12 00:00:00+00:00,0.1676110029220581,1.2999999853491317e-05,5.999999848427251e-05,0.00036700000055134296,1.4000000192027073e-05
2025-04-13 00:00:00+00:00,0.16279199719429016,1.2000000424450263e-05,5.700000110664405e-05,0.0003530000103637576,1.2999999853491317e-05
2025-04-14 00:00:00+00:00,0.15850099921226501,1.2000000424450263e-05,5.6000000768108293e-05,0.0003650000144261867,1.2999999853491317e-05
2025-04-15 00:00:00+00:00,0.15354999899864197,1.2000000424450263e-05,5.2999999752501026e-05,0.0003650000144261867,1.2000000424450263e-05
2025-04-16 00:00:00+00:00,0.1546880006790161,1.2000000424450263e-05,5.400000009103678e-05,0.0003480000013951212,1.2000000424450263e-05
2025-04-17 00:00:00+00:00,0.15573999285697937,1.2000000424450263e-05,5.400000009103678e-05,0.0003480000013951212,1.2000000424450263e-05
2025-04-18 00:00:00+00:00,0.1576160043478012,1.2000000424450263e-05,5.700000110664405e-05,0.0003699999942909926,1.2000000424450263e-05
2025-04-19 00:00:00+00:00,0.15733300149440765,1.2000000424450263e-05,5.8000001445179805e-05,0.0003699999942909926,1.2000000424450263e-05
2025-04-20 00:00:00+00:00,0.15518400073051453,1.2000000424450263e-05,5.8000001445179805e-05,0.0003699999942909926,1.2000000424450263e-05
2025-04-21 00:00:00+00:00,0.15938800573349,1.2000000424450263e-05,5.8000001445179805e-05,0.00036899998667649925,1.2000000424450263e-05
2025-04-22 00:00:00+00:00,0.1786479949951172,1.4000000192027073e-05,6.500000017695129e-05,0.00035099999513477087,1.4999999621068127e-05
2025-04-23 00:00:00+00:00,0.17860500514507294,1.4000000192027073e-05,7.000000186963007e-05,0.0004020000051241368,1.4999999621068127e-05
2025-04-24 00:00:00+00:00,0.18245700001716614,1.4000000192027073e-05,7.200000254670158e-05,0.0004020000051241368,1.5999999959603883e-05
2025-04-25 00:00:00+00:00,0.1818300038576126,1.4000000192027073e-05,8.099999831756577e-05,0.0004020000051241368,1.9999999494757503e-05
2025-04-26 00:00:00+00:00,0.18188999593257904,1.4000000192027073e-05,7.999999797903001e-05,0.0004030000127386302,1.8000000636675395e-05
2025-04-27 00:00:00+00:00,0.1796720027923584,1.2999999853491317e-05,7.699999696342275e-05,0.0004020000051241368,1.8999999156221747e-05
2025-04-28 00:00:00+00:00,0.17895199358463287,1.4000000192027073e-05,8.70000003487803e-05,0.0004020000051241368,2.099999983329326e-05
2025-04-29 00:00:00+00:00,0.17463600635528564,1.2999999853491317e-05,8.399999933317304e-05,0.0004020000051241368,1.9999999494757503e-05
2025-04-30 00:00:00+00:00,0.1723400056362152,1.2999999853491317e-05,8.900000102585182e-05,0.0004020000051241368,1.8999999156221747e-05
2025-05-01 00:00:00+00:00,0.180758997797966,1.2999999853491317e-05,8.600000001024455e-05,0.00040499999886378646,1.8999999156221747e-05
2025-05-02 00:00:00+00:00,0.18157699704170227,1.2999999853491317e-05,8.600000001024455e-05,0.0004250000056345016,1.8999999156221747e-05
2025-05-03 00:00:00+00:00,0.1757570058107376,1.2999999853491317e-05,7.899999764049426e-05,0.0004250000056345016,1.700000029813964e-05
2025-05-04 00:00:00+00:00,0.17055200040340424,1.2999999853491317e-05,7.500000356230885e-05,0.0004250000056345016,1.5999999959603883e-05
2025-05-05 00:00:00+00:00,0.17060400545597076,1.2999999853491317e-05,7.699999696342275e-05,0.0004250000056345016,1.700000029813964e-05
2025-05-06 00:00:00+00:00,0.1721159964799881,1.2999999853491317e-05,7.599999662488699e-05,0.00040600000647827983,1.700000029813964e-05
2025-05-07 00:00:00+00:00,0.17174717783927917,1.2710975170193706e-05,7.576419739052653e-05,0.0004064119711983949,1.669191442488227e-05
